ProteinID,PocketID,Ligand,DockingScore,PocketProbability,CenterX,CenterY,CenterZ,SASpoints,GridEdgeLength,ABCadj,Corrected_PLIP_contacts,InteractionTypes,Domain
CIMG_09093,5,CIMG_09093_prepared_Beauvericin,-7.5,0.25,12.1874,-19.3933,-19.3017,46,28.0,0.0,10,Hydrophobic,NONE
CIMG_09093,12,CIMG_09093_prepared_Beauvericin,-10.1,0.062,1.1233,-40.6409,-21.3847,37,28.0,0.0,11,HydrogenBond;Hydrophobic;PiStacking,NONE
CIMG_09093,1,CIMG_09093_prepared_Beauvericin,-3.8,0.889,-3.7786,-19.6884,-12.8961,154,30.0,0.05,6,Hydrophobic,TMD
CIMG_09093,14,CIMG_09093_prepared_Beauvericin,-7.4,0.044,6.8667,27.4513,22.4567,37,28.0,0.0,8,HydrogenBond;Hydrophobic;PiStacking,NONE
CIMG_09093,4,CIMG_09093_prepared_Beauvericin,-10.0,0.444,-5.6583,-42.1991,-20.4558,64,28.0,0.0,12,HydrogenBond;Hydrophobic,NONE
CIMG_09093,11,CIMG_09093_prepared_Beauvericin,-8.0,0.078,-3.8352,10.6052,21.0234,28,28.0,0.0,6,Hydrophobic,NONE
CIMG_09093,18,CIMG_09093_prepared_Beauvericin,-7.4,0.022,17.2361,3.0431,7.5808,24,28.0,0.0,9,HydrogenBond;Hydrophobic;SaltBridge,NONE
CIMG_09093,19,CIMG_09093_prepared_Beauvericin,-9.3,0.021,-10.2183,3.1977,10.3279,67,28.0,0.0,8,HydrogenBond;Hydrophobic,NONE
CIMG_09093,22,CIMG_09093_prepared_Beauvericin,-6.0,0.001,13.1813,16.1456,8.7337,4,28.0,0.05,9,HydrogenBond;Hydrophobic;SaltBridge,NBD
CIMG_09093,3,CIMG_09093_prepared_Beauvericin,-8.9,0.831,6.2066,21.3999,-3.143,142,28.0,0.0,5,HydrogenBond;Hydrophobic,NONE
CIMG_09093,9,CIMG_09093_prepared_Beauvericin,-7.5,0.113,-2.9316,10.1982,16.5209,56,28.0,0.0,8,HydrogenBond;Hydrophobic,NONE
CIMG_09093,8,CIMG_09093_prepared_Beauvericin,-8.2,0.123,-8.285,-5.8099,-13.0925,79,28.0,0.0,8,Hydrophobic,NONE
CIMG_09093,10,CIMG_09093_prepared_Beauvericin,-8.1,0.113,7.7211,12.5555,23.0852,53,28.0,0.0,8,Hydrophobic;SaltBridge,NONE
CIMG_09093,2,CIMG_09093_prepared_Beauvericin,-5.9,0.88,-25.8419,21.4322,2.5594,115,28.0,0.05,6,Hydrophobic,NBD
CIMG_09093,15,CIMG_09093_prepared_Beauvericin,-7.3,0.04,-21.7734,-14.7106,-10.9623,24,28.0,0.05,7,Hydrophobic;PiStacking,TMD
CIMG_09093,7,CIMG_09093_prepared_Beauvericin,-7.4,0.124,4.6753,29.7271,4.4445,18,28.0,0.0,9,HydrogenBond;Hydrophobic;SaltBridge,NONE
CIMG_09093,13,CIMG_09093_prepared_Beauvericin,-9.2,0.058,-10.007,-28.7481,-2.2603,29,28.0,0.05,9,Hydrophobic;PiStacking,TMD
CIMG_09093,21,CIMG_09093_prepared_Beauvericin,-7.8,0.008,22.3584,3.3118,-8.5091,22,28.0,0.0,6,HydrogenBond;Hydrophobic;PiStacking;SaltBridge,NONE
CIMG_09093,17,CIMG_09093_prepared_Beauvericin,-8.7,0.031,4.4604,13.5801,17.2689,15,28.0,0.0,11,HydrogenBond;Hydrophobic,NONE
CIMG_09093,16,CIMG_09093_prepared_Beauvericin,-7.0,0.037,-13.5013,-7.1011,-0.6693,32,28.0,0.0,9,HydrogenBond;Hydrophobic;SaltBridge,NONE
CIMG_09093,20,CIMG_09093_prepared_Beauvericin,-9.1,0.016,-5.9115,-34.5352,1.6927,29,28.0,0.05,9,Hydrophobic;PiStacking,TMD
CIMG_09093,6,CIMG_09093_prepared_Beauvericin,-6.8,0.235,-17.0318,-37.1994,-10.1361,43,28.0,0.0,5,Hydrophobic,NONE
CIMG_09093,5,CIMG_09093_prepared_Tacrolimus,-6.7,0.25,12.1874,-19.3933,-19.3017,46,28.0,0.0,5,Hydrophobic,NONE
CIMG_09093,12,CIMG_09093_prepared_Tacrolimus,-9.5,0.062,1.1233,-40.6409,-21.3847,37,28.0,0.0,10,HydrogenBond;Hydrophobic,NONE
CIMG_09093,1,CIMG_09093_prepared_Tacrolimus,0.0,0.889,-3.7786,-19.6884,-12.8961,154,30.0,0.05,7,HydrogenBond;Hydrophobic,TMD
CIMG_09093,14,CIMG_09093_prepared_Tacrolimus,-7.5,0.044,6.8667,27.4513,22.4567,37,28.0,0.0,7,HydrogenBond;Hydrophobic,NONE
CIMG_09093,4,CIMG_09093_prepared_Tacrolimus,-9.4,0.444,-5.6583,-42.1991,-20.4558,64,28.0,0.0,11,HydrogenBond;Hydrophobic,NONE
CIMG_09093,11,CIMG_09093_prepared_Tacrolimus,-8.7,0.078,-3.8352,10.6052,21.0234,28,28.0,0.0,5,HydrogenBond;Hydrophobic,NONE
CIMG_09093,18,CIMG_09093_prepared_Tacrolimus,-2.3,0.022,17.2361,3.0431,7.5808,24,28.0,0.0,7,HydrogenBond;Hydrophobic;SaltBridge,NONE
CIMG_09093,19,CIMG_09093_prepared_Tacrolimus,-8.2,0.021,-10.2183,3.1977,10.3279,67,28.0,0.0,7,HydrogenBond;Hydrophobic,NONE
CIMG_09093,22,CIMG_09093_prepared_Tacrolimus,-1.4,0.001,13.1813,16.1456,8.7337,4,28.0,0.05,11,HydrogenBond;Hydrophobic,NBD
CIMG_09093,3,CIMG_09093_prepared_Tacrolimus,-8.7,0.831,6.2066,21.3999,-3.143,142,28.0,0.0,9,HydrogenBond;Hydrophobic,NONE
CIMG_09093,9,CIMG_09093_prepared_Tacrolimus,-8.3,0.113,-2.9316,10.1982,16.5209,56,28.0,0.0,6,HydrogenBond;Hydrophobic,NONE
CIMG_09093,8,CIMG_09093_prepared_Tacrolimus,-6.4,0.123,-8.285,-5.8099,-13.0925,79,28.0,0.0,10,HydrogenBond;Hydrophobic;SaltBridge,NONE
CIMG_09093,10,CIMG_09093_prepared_Tacrolimus,-8.9,0.113,7.7211,12.5555,23.0852,53,28.0,0.0,7,HydrogenBond;Hydrophobic,NONE
CIMG_09093,2,CIMG_09093_prepared_Tacrolimus,-5.9,0.88,-25.8419,21.4322,2.5594,115,28.0,0.05,2,HydrogenBond;Hydrophobic,NBD
CIMG_09093,15,CIMG_09093_prepared_Tacrolimus,-6.5,0.04,-21.7734,-14.7106,-10.9623,24,28.0,0.05,7,Hydrophobic,TMD
CIMG_09093,7,CIMG_09093_prepared_Tacrolimus,-7.2,0.124,4.6753,29.7271,4.4445,18,28.0,0.0,5,HydrogenBond;Hydrophobic,NONE
CIMG_09093,13,CIMG_09093_prepared_Tacrolimus,-7.0,0.058,-10.007,-28.7481,-2.2603,29,28.0,0.05,7,Hydrophobic,TMD
CIMG_09093,21,CIMG_09093_prepared_Tacrolimus,-6.5,0.008,22.3584,3.3118,-8.5091,22,28.0,0.0,5,HydrogenBond;Hydrophobic;SaltBridge,NONE
CIMG_09093,17,CIMG_09093_prepared_Tacrolimus,-8.8,0.031,4.4604,13.5801,17.2689,15,28.0,0.0,6,HydrogenBond;Hydrophobic,NONE
CIMG_09093,16,CIMG_09093_prepared_Tacrolimus,-7.3,0.037,-13.5013,-7.1011,-0.6693,32,28.0,0.0,6,HydrogenBond;Hydrophobic,NONE
CIMG_09093,20,CIMG_09093_prepared_Tacrolimus,-7.0,0.016,-5.9115,-34.5352,1.6927,29,28.0,0.05,4,Hydrophobic,TMD
CIMG_09093,6,CIMG_09093_prepared_Tacrolimus,-6.4,0.235,-17.0318,-37.1994,-10.1361,43,28.0,0.0,6,HydrogenBond;Hydrophobic;SaltBridge,NONE
CIMG_09093,5,CIMG_09093_prepared_Verapamil,-5.8,0.25,12.1874,-19.3933,-19.3017,46,22.0,0.0,4,Hydrophobic;PiStacking,NONE
CIMG_09093,12,CIMG_09093_prepared_Verapamil,-7.7,0.062,1.1233,-40.6409,-21.3847,37,22.0,0.0,5,HydrogenBond;Hydrophobic;PiStacking,NONE
CIMG_09093,1,CIMG_09093_prepared_Verapamil,-7.3,0.889,-3.7786,-19.6884,-12.8961,154,30.0,0.05,8,HydrogenBond;Hydrophobic,TMD
CIMG_09093,14,CIMG_09093_prepared_Verapamil,-6.0,0.044,6.8667,27.4513,22.4567,37,22.0,0.0,5,HydrogenBond;Hydrophobic,NONE
CIMG_09093,4,CIMG_09093_prepared_Verapamil,-7.6,0.444,-5.6583,-42.1991,-20.4558,64,24.0,0.0,5,HydrogenBond;Hydrophobic;PiStacking,NONE
CIMG_09093,11,CIMG_09093_prepared_Verapamil,-6.7,0.078,-3.8352,10.6052,21.0234,28,20.0,0.0,7,HydrogenBond;Hydrophobic;SaltBridge,NONE
CIMG_09093,18,CIMG_09093_prepared_Verapamil,-5.1,0.022,17.2361,3.0431,7.5808,24,20.0,0.0,8,HydrogenBond;Hydrophobic,NONE
CIMG_09093,19,CIMG_09093_prepared_Verapamil,-7.7,0.021,-10.2183,3.1977,10.3279,67,24.0,0.0,6,HydrogenBond;Hydrophobic,NONE
CIMG_09093,22,CIMG_09093_prepared_Verapamil,-3.5,0.001,13.1813,16.1456,8.7337,4,20.0,0.05,5,HydrogenBond;Hydrophobic,NBD
CIMG_09093,3,CIMG_09093_prepared_Verapamil,-6.3,0.831,6.2066,21.3999,-3.143,142,28.0,0.0,5,HydrogenBond;Hydrophobic,NONE
CIMG_09093,9,CIMG_09093_prepared_Verapamil,-6.7,0.113,-2.9316,10.1982,16.5209,56,24.0,0.0,8,HydrogenBond;Hydrophobic;SaltBridge,NONE
CIMG_09093,8,CIMG_09093_prepared_Verapamil,-7.6,0.123,-8.285,-5.8099,-13.0925,79,26.0,0.0,8,HydrogenBond;Hydrophobic,NONE
CIMG_09093,10,CIMG_09093_prepared_Verapamil,-5.8,0.113,7.7211,12.5555,23.0852,53,24.0,0.0,4,HydrogenBond;Hydrophobic,NONE
CIMG_09093,2,CIMG_09093_prepared_Verapamil,-7.4,0.88,-25.8419,21.4322,2.5594,115,28.0,0.05,6,HydrogenBond;Hydrophobic;PiStacking,NBD
CIMG_09093,15,CIMG_09093_prepared_Verapamil,-5.2,0.04,-21.7734,-14.7106,-10.9623,24,20.0,0.05,7,Hydrophobic;PiStacking,TMD
CIMG_09093,7,CIMG_09093_prepared_Verapamil,-5.0,0.124,4.6753,29.7271,4.4445,18,20.0,0.0,4,HydrogenBond;Hydrophobic;SaltBridge,NONE
CIMG_09093,13,CIMG_09093_prepared_Verapamil,-5.9,0.058,-10.007,-28.7481,-2.2603,29,20.0,0.05,5,HydrogenBond;Hydrophobic;PiStacking,TMD
CIMG_09093,21,CIMG_09093_prepared_Verapamil,-5.5,0.008,22.3584,3.3118,-8.5091,22,20.0,0.0,6,HydrogenBond;Hydrophobic,NONE
CIMG_09093,17,CIMG_09093_prepared_Verapamil,-7.3,0.031,4.4604,13.5801,17.2689,15,20.0,0.0,7,HydrogenBond;Hydrophobic,NONE
CIMG_09093,16,CIMG_09093_prepared_Verapamil,-6.0,0.037,-13.5013,-7.1011,-0.6693,32,22.0,0.0,6,HydrogenBond;Hydrophobic,NONE
CIMG_09093,20,CIMG_09093_prepared_Verapamil,-6.3,0.016,-5.9115,-34.5352,1.6927,29,20.0,0.05,4,Hydrophobic;PiStacking,TMD
CIMG_09093,6,CIMG_09093_prepared_Verapamil,-6.4,0.235,-17.0318,-37.1994,-10.1361,43,22.0,0.0,4,HydrogenBond;Hydrophobic;PiStacking,NONE
CIMG_09093,5,CIMG_09093_prepared_Milbemycin,-7.8,0.25,12.1874,-19.3933,-19.3017,46,22.0,0.0,5,Hydrophobic,NONE
CIMG_09093,12,CIMG_09093_prepared_Milbemycin,-8.9,0.062,1.1233,-40.6409,-21.3847,37,22.0,0.0,6,HydrogenBond;Hydrophobic,NONE
CIMG_09093,1,CIMG_09093_prepared_Milbemycin,-5.1,0.889,-3.7786,-19.6884,-12.8961,154,30.0,0.05,6,Hydrophobic,TMD
CIMG_09093,14,CIMG_09093_prepared_Milbemycin,-7.2,0.044,6.8667,27.4513,22.4567,37,22.0,0.0,5,Hydrophobic,NONE
CIMG_09093,4,CIMG_09093_prepared_Milbemycin,-9.3,0.444,-5.6583,-42.1991,-20.4558,64,24.0,0.0,9,HydrogenBond;Hydrophobic,NONE
CIMG_09093,11,CIMG_09093_prepared_Milbemycin,-10.1,0.078,-3.8352,10.6052,21.0234,28,20.0,0.0,8,HydrogenBond;Hydrophobic,NONE
CIMG_09093,18,CIMG_09093_prepared_Milbemycin,0.0,0.022,17.2361,3.0431,7.5808,24,20.0,0.0,5,HydrogenBond;Hydrophobic,NONE
CIMG_09093,19,CIMG_09093_prepared_Milbemycin,-9.8,0.021,-10.2183,3.1977,10.3279,67,24.0,0.0,8,HydrogenBond;Hydrophobic;SaltBridge,NONE
CIMG_09093,22,CIMG_09093_prepared_Milbemycin,0.0,0.001,13.1813,16.1456,8.7337,4,20.0,0.05,9,HydrogenBond;Hydrophobic;SaltBridge,NBD
CIMG_09093,3,CIMG_09093_prepared_Milbemycin,-9.6,0.831,6.2066,21.3999,-3.143,142,28.0,0.0,5,HydrogenBond;Hydrophobic;SaltBridge,NONE
CIMG_09093,9,CIMG_09093_prepared_Milbemycin,-10.1,0.113,-2.9316,10.1982,16.5209,56,24.0,0.0,8,HydrogenBond;Hydrophobic,NONE
CIMG_09093,8,CIMG_09093_prepared_Milbemycin,-9.2,0.123,-8.285,-5.8099,-13.0925,79,26.0,0.0,7,HydrogenBond;Hydrophobic,NONE
CIMG_09093,10,CIMG_09093_prepared_Milbemycin,-8.6,0.113,7.7211,12.5555,23.0852,53,24.0,0.0,6,HydrogenBond;Hydrophobic,NONE
CIMG_09093,2,CIMG_09093_prepared_Milbemycin,-6.9,0.88,-25.8419,21.4322,2.5594,115,28.0,0.05,3,Hydrophobic,NBD
CIMG_09093,15,CIMG_09093_prepared_Milbemycin,-6.8,0.04,-21.7734,-14.7106,-10.9623,24,20.0,0.05,6,Hydrophobic,TMD
CIMG_09093,7,CIMG_09093_prepared_Milbemycin,0.0,0.124,4.6753,29.7271,4.4445,18,20.0,0.0,5,HydrogenBond;Hydrophobic,NONE
CIMG_09093,13,CIMG_09093_prepared_Milbemycin,-8.6,0.058,-10.007,-28.7481,-2.2603,29,20.0,0.05,7,HydrogenBond;Hydrophobic,TMD
CIMG_09093,21,CIMG_09093_prepared_Milbemycin,-7.3,0.008,22.3584,3.3118,-8.5091,22,20.0,0.0,4,HydrogenBond;Hydrophobic;SaltBridge,NONE
CIMG_09093,17,CIMG_09093_prepared_Milbemycin,-8.2,0.031,4.4604,13.5801,17.2689,15,20.0,0.0,5,HydrogenBond;Hydrophobic,NONE
CIMG_09093,16,CIMG_09093_prepared_Milbemycin,0.0,0.037,-13.5013,-7.1011,-0.6693,32,22.0,0.0,8,HydrogenBond;Hydrophobic,NONE
CIMG_09093,20,CIMG_09093_prepared_Milbemycin,-9.0,0.016,-5.9115,-34.5352,1.6927,29,20.0,0.05,6,HydrogenBond;Hydrophobic,TMD
CIMG_09093,6,CIMG_09093_prepared_Milbemycin,-6.9,0.235,-17.0318,-37.1994,-10.1361,43,22.0,0.0,5,HydrogenBond;Hydrophobic;SaltBridge,NONE
CIMG_09093,5,CIMG_09093_prepared_Disulfiram,-3.9,0.25,12.1874,-19.3933,-19.3017,46,22.0,0.0,4,Hydrophobic,NONE
CIMG_09093,12,CIMG_09093_prepared_Disulfiram,-4.4,0.062,1.1233,-40.6409,-21.3847,37,22.0,0.0,7,Hydrophobic,NONE
CIMG_09093,1,CIMG_09093_prepared_Disulfiram,-4.3,0.889,-3.7786,-19.6884,-12.8961,154,30.0,0.05,5,Hydrophobic,TMD
CIMG_09093,14,CIMG_09093_prepared_Disulfiram,-3.6,0.044,6.8667,27.4513,22.4567,37,22.0,0.0,4,Hydrophobic,NONE
CIMG_09093,4,CIMG_09093_prepared_Disulfiram,-4.5,0.444,-5.6583,-42.1991,-20.4558,64,24.0,0.0,9,Hydrophobic,NONE
CIMG_09093,11,CIMG_09093_prepared_Disulfiram,-3.8,0.078,-3.8352,10.6052,21.0234,28,20.0,0.0,2,Hydrophobic,NONE
CIMG_09093,18,CIMG_09093_prepared_Disulfiram,-4.1,0.022,17.2361,3.0431,7.5808,24,20.0,0.0,4,Hydrophobic,NONE
CIMG_09093,19,CIMG_09093_prepared_Disulfiram,-4.5,0.021,-10.2183,3.1977,10.3279,67,24.0,0.0,6,Hydrophobic,NONE
CIMG_09093,22,CIMG_09093_prepared_Disulfiram,-3.6,0.001,13.1813,16.1456,8.7337,4,20.0,0.05,2,Hydrophobic,NBD
CIMG_09093,3,CIMG_09093_prepared_Disulfiram,-4.0,0.831,6.2066,21.3999,-3.143,142,28.0,0.0,6,Hydrophobic,NONE
CIMG_09093,9,CIMG_09093_prepared_Disulfiram,-4.3,0.113,-2.9316,10.1982,16.5209,56,24.0,0.0,5,Hydrophobic,NONE
CIMG_09093,8,CIMG_09093_prepared_Disulfiram,-4.6,0.123,-8.285,-5.8099,-13.0925,79,26.0,0.0,3,Hydrophobic,NONE
CIMG_09093,10,CIMG_09093_prepared_Disulfiram,-4.1,0.113,7.7211,12.5555,23.0852,53,24.0,0.0,3,Hydrophobic,NONE
CIMG_09093,2,CIMG_09093_prepared_Disulfiram,-5.1,0.88,-25.8419,21.4322,2.5594,115,28.0,0.05,6,Hydrophobic,NBD
CIMG_09093,15,CIMG_09093_prepared_Disulfiram,-3.6,0.04,-21.7734,-14.7106,-10.9623,24,20.0,0.05,7,Hydrophobic,TMD
CIMG_09093,7,CIMG_09093_prepared_Disulfiram,-3.9,0.124,4.6753,29.7271,4.4445,18,20.0,0.0,6,Hydrophobic,NONE
CIMG_09093,13,CIMG_09093_prepared_Disulfiram,-4.0,0.058,-10.007,-28.7481,-2.2603,29,20.0,0.05,5,Hydrophobic,TMD
CIMG_09093,21,CIMG_09093_prepared_Disulfiram,-4.0,0.008,22.3584,3.3118,-8.5091,22,20.0,0.0,5,Hydrophobic,NONE
CIMG_09093,17,CIMG_09093_prepared_Disulfiram,-4.0,0.031,4.4604,13.5801,17.2689,15,20.0,0.0,3,Hydrophobic,NONE
CIMG_09093,16,CIMG_09093_prepared_Disulfiram,-4.8,0.037,-13.5013,-7.1011,-0.6693,32,22.0,0.0,6,Hydrophobic,NONE
CIMG_09093,20,CIMG_09093_prepared_Disulfiram,-4.0,0.016,-5.9115,-34.5352,1.6927,29,20.0,0.05,3,Hydrophobic,TMD
CIMG_09093,6,CIMG_09093_prepared_Disulfiram,-3.9,0.235,-17.0318,-37.1994,-10.1361,43,22.0,0.0,1,Hydrophobic,NONE
CIMG_00780,5,CIMG_00780_prepared_Milbemycin,-10.4,0.366,4.605,1.5681,-12.1955,123,28.0,0.0,5,HydrogenBond;Hydrophobic,NONE
CIMG_00780,12,CIMG_00780_prepared_Milbemycin,-8.1,0.102,-16.3135,11.1813,-1.9799,34,22.0,0.0,5,Hydrophobic;SaltBridge,NONE
CIMG_00780,1,CIMG_00780_prepared_Milbemycin,-9.6,0.913,5.2501,-35.776,-19.6413,153,30.0,0.05,7,Hydrophobic,TMD
CIMG_00780,14,CIMG_00780_prepared_Milbemycin,-9.5,0.084,-2.784,21.7877,19.9913,36,22.0,0.0,5,HydrogenBond;Hydrophobic,NONE
CIMG_00780,4,CIMG_00780_prepared_Milbemycin,-10.0,0.391,7.3607,-20.5703,-4.3144,84,26.0,0.0,8,HydrogenBond;Hydrophobic,NONE
CIMG_00780,11,CIMG_00780_prepared_Milbemycin,-9.5,0.106,-1.8145,-32.8427,-17.7448,52,24.0,0.05,7,Hydrophobic,TMD
CIMG_00780,18,CIMG_00780_prepared_Milbemycin,-7.9,0.018,9.895,-44.9637,-6.8872,28,20.0,0.05,6,HydrogenBond;Hydrophobic,TMD
CIMG_00780,3,CIMG_00780_prepared_Milbemycin,-10.6,0.424,-0.5827,28.9579,2.6713,100,26.0,0.0,4,HydrogenBond;Hydrophobic,NONE
CIMG_00780,9,CIMG_00780_prepared_Milbemycin,-9.4,0.135,-4.6874,-26.8488,-16.1865,41,22.0,0.05,6,HydrogenBond;Hydrophobic;SaltBridge,TMD
CIMG_00780,8,CIMG_00780_prepared_Milbemycin,-9.5,0.211,-6.978,16.6939,22.4535,63,24.0,0.0,6,HydrogenBond;Hydrophobic,NONE
CIMG_00780,10,CIMG_00780_prepared_Milbemycin,-9.6,0.129,1.5669,45.3041,17.539,48,22.0,0.0,5,HydrogenBond;Hydrophobic;SaltBridge,NONE
CIMG_00780,2,CIMG_00780_prepared_Milbemycin,-10.3,0.578,-7.4362,-12.9353,-14.6505,93,26.0,0.0,6,HydrogenBond;Hydrophobic,NONE
CIMG_00780,15,CIMG_00780_prepared_Milbemycin,-10.6,0.055,7.0461,22.1707,4.9372,35,22.0,0.05,7,HydrogenBond;Hydrophobic,NBD
CIMG_00780,7,CIMG_00780_prepared_Milbemycin,-9.1,0.257,-10.9808,-27.4943,-3.8876,56,24.0,0.05,4,Hydrophobic,TMD
CIMG_00780,13,CIMG_00780_prepared_Milbemycin,-7.9,0.091,-2.228,6.7409,0.2357,59,24.0,0.0,7,HydrogenBond;Hydrophobic;SaltBridge,NONE
CIMG_00780,17,CIMG_00780_prepared_Milbemycin,-6.9,0.019,-8.3959,-4.0764,8.3647,22,20.0,0.0,1,HydrogenBond,NONE
CIMG_00780,16,CIMG_00780_prepared_Milbemycin,-1.7,0.038,2.3956,-4.2477,1.6876,25,20.0,0.05,7,HydrogenBond;Hydrophobic,TMD
CIMG_00780,6,CIMG_00780_prepared_Milbemycin,-8.9,0.334,18.6047,-16.3728,-15.4714,50,22.0,0.0,6,Hydrophobic,NONE
CIMG_00780,5,CIMG_00780_prepared_Disulfiram,-4.4,0.366,4.605,1.5681,-12.1955,123,28.0,0.0,4,Hydrophobic,NONE
CIMG_00780,12,CIMG_00780_prepared_Disulfiram,-4.1,0.102,-16.3135,11.1813,-1.9799,34,22.0,0.0,3,Hydrophobic,NONE
CIMG_00780,1,CIMG_00780_prepared_Disulfiram,-4.9,0.913,5.2501,-35.776,-19.6413,153,30.0,0.05,5,Hydrophobic,TMD
CIMG_00780,14,CIMG_00780_prepared_Disulfiram,-3.9,0.084,-2.784,21.7877,19.9913,36,22.0,0.0,1,Hydrophobic,NONE
CIMG_00780,4,CIMG_00780_prepared_Disulfiram,-4.4,0.391,7.3607,-20.5703,-4.3144,84,26.0,0.0,5,Hydrophobic,NONE
CIMG_00780,11,CIMG_00780_prepared_Disulfiram,-4.8,0.106,-1.8145,-32.8427,-17.7448,52,24.0,0.05,7,Hydrophobic,TMD
CIMG_00780,18,CIMG_00780_prepared_Disulfiram,-4.1,0.018,9.895,-44.9637,-6.8872,28,20.0,0.05,4,Hydrophobic,TMD
CIMG_00780,3,CIMG_00780_prepared_Disulfiram,-4.3,0.424,-0.5827,28.9579,2.6713,100,26.0,0.0,2,Hydrophobic,NONE
CIMG_00780,9,CIMG_00780_prepared_Disulfiram,-3.7,0.135,-4.6874,-26.8488,-16.1865,41,22.0,0.05,4,Hydrophobic,TMD
CIMG_00780,8,CIMG_00780_prepared_Disulfiram,-4.1,0.211,-6.978,16.6939,22.4535,63,24.0,0.0,3,Hydrophobic,NONE
CIMG_00780,10,CIMG_00780_prepared_Disulfiram,-4.6,0.129,1.5669,45.3041,17.539,48,22.0,0.0,3,Hydrophobic,NONE
CIMG_00780,2,CIMG_00780_prepared_Disulfiram,-4.4,0.578,-7.4362,-12.9353,-14.6505,93,26.0,0.0,5,Hydrophobic,NONE
CIMG_00780,15,CIMG_00780_prepared_Disulfiram,-4.4,0.055,7.0461,22.1707,4.9372,35,22.0,0.05,4,Hydrophobic,NBD
CIMG_00780,7,CIMG_00780_prepared_Disulfiram,-4.0,0.257,-10.9808,-27.4943,-3.8876,56,24.0,0.05,8,Hydrophobic,TMD
CIMG_00780,13,CIMG_00780_prepared_Disulfiram,-4.6,0.091,-2.228,6.7409,0.2357,59,24.0,0.0,5,Hydrophobic,NONE
CIMG_00780,17,CIMG_00780_prepared_Disulfiram,-3.8,0.019,-8.3959,-4.0764,8.3647,22,20.0,0.0,2,Hydrophobic,NONE
CIMG_00780,16,CIMG_00780_prepared_Disulfiram,-4.5,0.038,2.3956,-4.2477,1.6876,25,20.0,0.05,3,Hydrophobic,TMD
CIMG_00780,6,CIMG_00780_prepared_Disulfiram,-4.1,0.334,18.6047,-16.3728,-15.4714,50,22.0,0.0,7,Hydrophobic,NONE
CIMG_00780,5,CIMG_00780_prepared_Beauvericin,-7.3,0.366,4.605,1.5681,-12.1955,123,28.0,0.0,7,HydrogenBond;Hydrophobic;PiStacking,NONE
CIMG_00780,12,CIMG_00780_prepared_Beauvericin,-8.5,0.102,-16.3135,11.1813,-1.9799,34,28.0,0.0,8,HydrogenBond;Hydrophobic;PiStacking;SaltBridge,NONE
CIMG_00780,1,CIMG_00780_prepared_Beauvericin,-8.6,0.913,5.2501,-35.776,-19.6413,153,30.0,0.05,9,Hydrophobic;PiStacking,TMD
CIMG_00780,14,CIMG_00780_prepared_Beauvericin,-8.4,0.084,-2.784,21.7877,19.9913,36,28.0,0.0,10,HydrogenBond;Hydrophobic;SaltBridge,NONE
CIMG_00780,4,CIMG_00780_prepared_Beauvericin,-6.6,0.391,7.3607,-20.5703,-4.3144,84,28.0,0.0,10,Hydrophobic;SaltBridge,NONE
CIMG_00780,11,CIMG_00780_prepared_Beauvericin,-8.6,0.106,-1.8145,-32.8427,-17.7448,52,28.0,0.05,9,Hydrophobic;PiStacking,TMD
CIMG_00780,18,CIMG_00780_prepared_Beauvericin,-7.9,0.018,9.895,-44.9637,-6.8872,28,28.0,0.05,6,Hydrophobic;PiStacking,TMD
CIMG_00780,3,CIMG_00780_prepared_Beauvericin,-11.5,0.424,-0.5827,28.9579,2.6713,100,28.0,0.0,10,Hydrophobic;PiStacking;SaltBridge,NONE
CIMG_00780,9,CIMG_00780_prepared_Beauvericin,-8.4,0.135,-4.6874,-26.8488,-16.1865,41,28.0,0.05,9,Hydrophobic;PiStacking,TMD
CIMG_00780,8,CIMG_00780_prepared_Beauvericin,-8.2,0.211,-6.978,16.6939,22.4535,63,28.0,0.0,7,HydrogenBond;Hydrophobic,NONE
CIMG_00780,10,CIMG_00780_prepared_Beauvericin,-9.0,0.129,1.5669,45.3041,17.539,48,28.0,0.0,4,Hydrophobic;PiStacking,NONE
CIMG_00780,2,CIMG_00780_prepared_Beauvericin,-6.0,0.578,-7.4362,-12.9353,-14.6505,93,28.0,0.0,6,HydrogenBond;Hydrophobic;SaltBridge,NONE
CIMG_00780,15,CIMG_00780_prepared_Beauvericin,-11.9,0.055,7.0461,22.1707,4.9372,35,28.0,0.05,11,Hydrophobic;PiStacking;SaltBridge,NBD
CIMG_00780,7,CIMG_00780_prepared_Beauvericin,-8.5,0.257,-10.9808,-27.4943,-3.8876,56,28.0,0.05,9,Hydrophobic;PiStacking,TMD
CIMG_00780,13,CIMG_00780_prepared_Beauvericin,-5.7,0.091,-2.228,6.7409,0.2357,59,28.0,0.0,9,HydrogenBond;Hydrophobic;SaltBridge,NONE
CIMG_00780,17,CIMG_00780_prepared_Beauvericin,-8.1,0.019,-8.3959,-4.0764,8.3647,22,28.0,0.0,7,HydrogenBond;Hydrophobic;SaltBridge,NONE
CIMG_00780,16,CIMG_00780_prepared_Beauvericin,-7.5,0.038,2.3956,-4.2477,1.6876,25,28.0,0.05,9,HydrogenBond;Hydrophobic;SaltBridge,TMD
CIMG_00780,6,CIMG_00780_prepared_Beauvericin,-8.4,0.334,18.6047,-16.3728,-15.4714,50,28.0,0.0,10,Hydrophobic,NONE
CIMG_00780,5,CIMG_00780_prepared_Tacrolimus,-6.6,0.366,4.605,1.5681,-12.1955,123,28.0,0.0,4,Hydrophobic,NONE
CIMG_00780,12,CIMG_00780_prepared_Tacrolimus,-6.7,0.102,-16.3135,11.1813,-1.9799,34,28.0,0.0,6,HydrogenBond;Hydrophobic;SaltBridge,NONE
CIMG_00780,1,CIMG_00780_prepared_Tacrolimus,-5.5,0.913,5.2501,-35.776,-19.6413,153,30.0,0.05,11,HydrogenBond;Hydrophobic,TMD
CIMG_00780,14,CIMG_00780_prepared_Tacrolimus,-8.9,0.084,-2.784,21.7877,19.9913,36,28.0,0.0,12,HydrogenBond;Hydrophobic,NONE
CIMG_00780,4,CIMG_00780_prepared_Tacrolimus,-7.3,0.391,7.3607,-20.5703,-4.3144,84,28.0,0.0,13,HydrogenBond;Hydrophobic,NONE
CIMG_00780,11,CIMG_00780_prepared_Tacrolimus,-5.5,0.106,-1.8145,-32.8427,-17.7448,52,28.0,0.05,10,HydrogenBond;Hydrophobic,TMD
CIMG_00780,18,CIMG_00780_prepared_Tacrolimus,-7.8,0.018,9.895,-44.9637,-6.8872,28,28.0,0.05,6,HydrogenBond;Hydrophobic,TMD
CIMG_00780,3,CIMG_00780_prepared_Tacrolimus,-9.7,0.424,-0.5827,28.9579,2.6713,100,28.0,0.0,10,HydrogenBond;Hydrophobic,NONE
CIMG_00780,9,CIMG_00780_prepared_Tacrolimus,-7.5,0.135,-4.6874,-26.8488,-16.1865,41,28.0,0.05,7,HydrogenBond;Hydrophobic,TMD
CIMG_00780,8,CIMG_00780_prepared_Tacrolimus,-7.3,0.211,-6.978,16.6939,22.4535,63,28.0,0.0,9,HydrogenBond;Hydrophobic,NONE
CIMG_00780,10,CIMG_00780_prepared_Tacrolimus,-7.7,0.129,1.5669,45.3041,17.539,48,28.0,0.0,9,HydrogenBond;Hydrophobic,NONE
CIMG_00780,2,CIMG_00780_prepared_Tacrolimus,-10.1,0.578,-7.4362,-12.9353,-14.6505,93,28.0,0.0,9,HydrogenBond;Hydrophobic;SaltBridge,NONE
CIMG_00780,15,CIMG_00780_prepared_Tacrolimus,-10.9,0.055,7.0461,22.1707,4.9372,35,28.0,0.05,7,HydrogenBond;Hydrophobic;SaltBridge,NBD
CIMG_00780,7,CIMG_00780_prepared_Tacrolimus,-8.4,0.257,-10.9808,-27.4943,-3.8876,56,28.0,0.05,9,Hydrophobic,TMD
CIMG_00780,13,CIMG_00780_prepared_Tacrolimus,-7.3,0.091,-2.228,6.7409,0.2357,59,28.0,0.0,8,HydrogenBond;Hydrophobic;SaltBridge,NONE
CIMG_00780,17,CIMG_00780_prepared_Tacrolimus,-7.3,0.019,-8.3959,-4.0764,8.3647,22,28.0,0.0,7,HydrogenBond;Hydrophobic,NONE
CIMG_00780,16,CIMG_00780_prepared_Tacrolimus,-6.8,0.038,2.3956,-4.2477,1.6876,25,28.0,0.05,6,HydrogenBond;Hydrophobic;SaltBridge,TMD
CIMG_00780,6,CIMG_00780_prepared_Tacrolimus,-8.2,0.334,18.6047,-16.3728,-15.4714,50,28.0,0.0,6,HydrogenBond;Hydrophobic,NONE
CIMG_00780,5,CIMG_00780_prepared_Verapamil,-7.7,0.366,4.605,1.5681,-12.1955,123,28.0,0.0,7,HydrogenBond;Hydrophobic,NONE
CIMG_00780,12,CIMG_00780_prepared_Verapamil,-6.4,0.102,-16.3135,11.1813,-1.9799,34,22.0,0.0,7,HydrogenBond;Hydrophobic;PiStacking;SaltBridge,NONE
CIMG_00780,1,CIMG_00780_prepared_Verapamil,-7.6,0.913,5.2501,-35.776,-19.6413,153,30.0,0.05,11,HydrogenBond;Hydrophobic;PiStacking;SaltBridge,TMD
CIMG_00780,14,CIMG_00780_prepared_Verapamil,-6.7,0.084,-2.784,21.7877,19.9913,36,22.0,0.0,6,HydrogenBond;Hydrophobic,NONE
CIMG_00780,4,CIMG_00780_prepared_Verapamil,-6.8,0.391,7.3607,-20.5703,-4.3144,84,26.0,0.0,6,Hydrophobic;SaltBridge,NONE
CIMG_00780,11,CIMG_00780_prepared_Verapamil,-7.6,0.106,-1.8145,-32.8427,-17.7448,52,24.0,0.05,8,HydrogenBond;Hydrophobic,TMD
CIMG_00780,18,CIMG_00780_prepared_Verapamil,-6.6,0.018,9.895,-44.9637,-6.8872,28,20.0,0.05,5,Hydrophobic,TMD
CIMG_00780,3,CIMG_00780_prepared_Verapamil,-6.7,0.424,-0.5827,28.9579,2.6713,100,26.0,0.0,5,HydrogenBond;Hydrophobic,NONE
CIMG_00780,9,CIMG_00780_prepared_Verapamil,-5.9,0.135,-4.6874,-26.8488,-16.1865,41,22.0,0.05,4,Hydrophobic;PiStacking,TMD
CIMG_00780,8,CIMG_00780_prepared_Verapamil,-6.5,0.211,-6.978,16.6939,22.4535,63,24.0,0.0,7,HydrogenBond;Hydrophobic;SaltBridge,NONE
CIMG_00780,10,CIMG_00780_prepared_Verapamil,-8.1,0.129,1.5669,45.3041,17.539,48,22.0,0.0,9,HydrogenBond;Hydrophobic;SaltBridge,NONE
CIMG_00780,2,CIMG_00780_prepared_Verapamil,-7.5,0.578,-7.4362,-12.9353,-14.6505,93,26.0,0.0,5,Hydrophobic,NONE
CIMG_00780,15,CIMG_00780_prepared_Verapamil,-6.8,0.055,7.0461,22.1707,4.9372,35,22.0,0.05,4,HydrogenBond;PiStacking,NBD
CIMG_00780,7,CIMG_00780_prepared_Verapamil,-6.8,0.257,-10.9808,-27.4943,-3.8876,56,24.0,0.05,9,Hydrophobic,TMD
CIMG_00780,13,CIMG_00780_prepared_Verapamil,-6.9,0.091,-2.228,6.7409,0.2357,59,24.0,0.0,2,HydrogenBond;Hydrophobic,NONE
CIMG_00780,17,CIMG_00780_prepared_Verapamil,-6.7,0.019,-8.3959,-4.0764,8.3647,22,20.0,0.0,7,HydrogenBond;Hydrophobic,NONE
CIMG_00780,16,CIMG_00780_prepared_Verapamil,-7.4,0.038,2.3956,-4.2477,1.6876,25,20.0,0.05,8,HydrogenBond;Hydrophobic,TMD
CIMG_00780,6,CIMG_00780_prepared_Verapamil,-7.0,0.334,18.6047,-16.3728,-15.4714,50,22.0,0.0,6,Hydrophobic;PiStacking,NONE
CIMG_06197,5,CIMG_06197_prepared_Disulfiram,-4.5,0.29,-2.5592,16.8285,2.0847,88,26.0,0.0,4,Hydrophobic,NONE
CIMG_06197,12,CIMG_06197_prepared_Disulfiram,-3.9,0.06,9.1656,-24.8663,-9.4929,21,20.0,0.0,1,Hydrophobic,NONE
CIMG_06197,1,CIMG_06197_prepared_Disulfiram,-5.0,0.687,1.1422,11.3549,15.5333,132,28.0,0.0,4,Hydrophobic,NONE
CIMG_06197,14,CIMG_06197_prepared_Disulfiram,-4.7,0.044,3.0593,-34.1698,-21.297,49,22.0,0.0,4,Hydrophobic,NONE
CIMG_06197,4,CIMG_06197_prepared_Disulfiram,-4.5,0.48,-5.2403,29.6887,23.2668,95,26.0,0.05,4,Hydrophobic,TMD
CIMG_06197,11,CIMG_06197_prepared_Disulfiram,-4.4,0.074,-16.0742,16.5957,21.0846,35,22.0,0.0,9,Hydrophobic,NONE
CIMG_06197,18,CIMG_06197_prepared_Disulfiram,-3.7,0.021,-15.3567,25.145,12.9452,29,20.0,0.05,7,Hydrophobic,TMD
CIMG_06197,19,CIMG_06197_prepared_Disulfiram,-4.5,0.021,-1.0427,-14.5718,9.3522,25,20.0,0.0,4,Hydrophobic,NONE
CIMG_06197,3,CIMG_06197_prepared_Disulfiram,-4.5,0.638,-4.0394,40.8272,23.3493,38,22.0,0.05,3,Hydrophobic,TMD
CIMG_06197,9,CIMG_06197_prepared_Disulfiram,-4.2,0.086,12.1465,-13.983,-12.944,34,22.0,0.05,3,Hydrophobic,NBD
CIMG_06197,8,CIMG_06197_prepared_Disulfiram,-4.7,0.193,12.5228,3.3336,1.7891,53,24.0,0.05,5,Hydrophobic,TMD
CIMG_06197,10,CIMG_06197_prepared_Disulfiram,-3.9,0.079,-9.7873,-20.1073,-6.0365,33,22.0,0.05,1,Hydrophobic,NBD
CIMG_06197,2,CIMG_06197_prepared_Disulfiram,-4.4,0.687,-1.9112,33.6061,10.1822,125,28.0,0.05,4,Hydrophobic,TMD
CIMG_06197,15,CIMG_06197_prepared_Disulfiram,-4.2,0.041,13.8721,-15.88,-7.4031,36,22.0,0.0,3,Hydrophobic,NONE
CIMG_06197,7,CIMG_06197_prepared_Disulfiram,-4.1,0.222,15.7123,-21.9146,-8.1425,67,24.0,0.0,4,Hydrophobic,NONE
CIMG_06197,13,CIMG_06197_prepared_Disulfiram,-4.6,0.051,-1.3877,18.5503,12.1275,48,22.0,0.05,4,Hydrophobic,TMD
CIMG_06197,17,CIMG_06197_prepared_Disulfiram,-3.9,0.029,5.7066,26.614,23.1621,13,20.0,0.05,2,Hydrophobic,TMD
CIMG_06197,16,CIMG_06197_prepared_Disulfiram,-4.2,0.036,0.389,21.484,8.482,32,22.0,0.05,3,Hydrophobic,TMD
CIMG_06197,20,CIMG_06197_prepared_Disulfiram,-4.5,0.012,3.868,-39.1425,-11.7919,43,22.0,0.0,2,Hydrophobic,NONE
CIMG_06197,6,CIMG_06197_prepared_Disulfiram,-4.2,0.289,-11.8881,-19.5925,-14.4278,97,26.0,0.0,1,Hydrophobic,NONE
CIMG_06197,5,CIMG_06197_prepared_Beauvericin,-6.0,0.29,-2.5592,16.8285,2.0847,88,28.0,0.0,9,HydrogenBond;Hydrophobic,NONE
CIMG_06197,12,CIMG_06197_prepared_Beauvericin,-8.0,0.06,9.1656,-24.8663,-9.4929,21,28.0,0.0,6,HydrogenBond;Hydrophobic,NONE
CIMG_06197,1,CIMG_06197_prepared_Beauvericin,-2.0,0.687,1.1422,11.3549,15.5333,132,28.0,0.0,12,HydrogenBond;Hydrophobic;SaltBridge,NONE
CIMG_06197,14,CIMG_06197_prepared_Beauvericin,-5.2,0.044,3.0593,-34.1698,-21.297,49,28.0,0.0,9,HydrogenBond;Hydrophobic;SaltBridge,NONE
CIMG_06197,4,CIMG_06197_prepared_Beauvericin,-7.6,0.48,-5.2403,29.6887,23.2668,95,28.0,0.05,10,HydrogenBond;Hydrophobic;SaltBridge,TMD
CIMG_06197,11,CIMG_06197_prepared_Beauvericin,-8.6,0.074,-16.0742,16.5957,21.0846,35,28.0,0.0,10,Hydrophobic,NONE
CIMG_06197,18,CIMG_06197_prepared_Beauvericin,-8.9,0.021,-15.3567,25.145,12.9452,29,28.0,0.05,8,Hydrophobic;PiStacking,TMD
CIMG_06197,19,CIMG_06197_prepared_Beauvericin,-7.7,0.021,-1.0427,-14.5718,9.3522,25,28.0,0.0,8,Hydrophobic;SaltBridge,NONE
CIMG_06197,3,CIMG_06197_prepared_Beauvericin,-6.1,0.638,-4.0394,40.8272,23.3493,38,28.0,0.05,14,HydrogenBond;Hydrophobic,TMD
CIMG_06197,9,CIMG_06197_prepared_Beauvericin,-9.9,0.086,12.1465,-13.983,-12.944,34,28.0,0.05,13,HydrogenBond;Hydrophobic;PiStacking;SaltBridge,NBD
CIMG_06197,8,CIMG_06197_prepared_Beauvericin,-9.3,0.193,12.5228,3.3336,1.7891,53,28.0,0.05,11,HydrogenBond;Hydrophobic;SaltBridge,TMD
CIMG_06197,10,CIMG_06197_prepared_Beauvericin,-10.1,0.079,-9.7873,-20.1073,-6.0365,33,28.0,0.05,8,HydrogenBond;Hydrophobic;SaltBridge,NBD
CIMG_06197,2,CIMG_06197_prepared_Beauvericin,-7.7,0.687,-1.9112,33.6061,10.1822,125,28.0,0.05,9,HydrogenBond;Hydrophobic;SaltBridge,TMD
CIMG_06197,15,CIMG_06197_prepared_Beauvericin,-9.9,0.041,13.8721,-15.88,-7.4031,36,28.0,0.0,13,HydrogenBond;Hydrophobic;PiStacking;SaltBridge,NONE
CIMG_06197,7,CIMG_06197_prepared_Beauvericin,-9.9,0.222,15.7123,-21.9146,-8.1425,67,28.0,0.0,13,HydrogenBond;Hydrophobic;PiStacking;SaltBridge,NONE
CIMG_06197,13,CIMG_06197_prepared_Beauvericin,-6.0,0.051,-1.3877,18.5503,12.1275,48,28.0,0.05,9,HydrogenBond;Hydrophobic,TMD
CIMG_06197,17,CIMG_06197_prepared_Beauvericin,-6.5,0.029,5.7066,26.614,23.1621,13,28.0,0.05,8,Hydrophobic;PiStacking,TMD
CIMG_06197,16,CIMG_06197_prepared_Beauvericin,-6.1,0.036,0.389,21.484,8.482,32,28.0,0.05,10,HydrogenBond;Hydrophobic,TMD
CIMG_06197,20,CIMG_06197_prepared_Beauvericin,-6.7,0.012,3.868,-39.1425,-11.7919,43,28.0,0.0,7,Hydrophobic;PiStacking;SaltBridge,NONE
CIMG_06197,6,CIMG_06197_prepared_Beauvericin,-10.1,0.289,-11.8881,-19.5925,-14.4278,97,28.0,0.0,8,HydrogenBond;Hydrophobic;SaltBridge,NONE
CIMG_06197,5,CIMG_06197_prepared_Verapamil,-6.6,0.29,-2.5592,16.8285,2.0847,88,26.0,0.0,3,Hydrophobic;SaltBridge,NONE
CIMG_06197,12,CIMG_06197_prepared_Verapamil,-6.8,0.06,9.1656,-24.8663,-9.4929,21,20.0,0.0,6,HydrogenBond,NONE
CIMG_06197,1,CIMG_06197_prepared_Verapamil,-8.5,0.687,1.1422,11.3549,15.5333,132,28.0,0.0,10,HydrogenBond;Hydrophobic,NONE
CIMG_06197,14,CIMG_06197_prepared_Verapamil,-8.2,0.044,3.0593,-34.1698,-21.297,49,22.0,0.0,7,HydrogenBond;Hydrophobic;SaltBridge,NONE
CIMG_06197,4,CIMG_06197_prepared_Verapamil,-7.3,0.48,-5.2403,29.6887,23.2668,95,26.0,0.05,6,HydrogenBond;Hydrophobic,TMD
CIMG_06197,11,CIMG_06197_prepared_Verapamil,-7.4,0.074,-16.0742,16.5957,21.0846,35,22.0,0.0,10,Hydrophobic;PiStacking,NONE
CIMG_06197,18,CIMG_06197_prepared_Verapamil,-5.7,0.021,-15.3567,25.145,12.9452,29,20.0,0.05,6,Hydrophobic,TMD
CIMG_06197,19,CIMG_06197_prepared_Verapamil,-6.8,0.021,-1.0427,-14.5718,9.3522,25,20.0,0.0,5,HydrogenBond;Hydrophobic,NONE
CIMG_06197,3,CIMG_06197_prepared_Verapamil,-6.8,0.638,-4.0394,40.8272,23.3493,38,22.0,0.05,6,HydrogenBond;Hydrophobic,TMD
CIMG_06197,9,CIMG_06197_prepared_Verapamil,-6.2,0.086,12.1465,-13.983,-12.944,34,22.0,0.05,4,HydrogenBond;Hydrophobic,NBD
CIMG_06197,8,CIMG_06197_prepared_Verapamil,-6.6,0.193,12.5228,3.3336,1.7891,53,24.0,0.05,8,HydrogenBond;Hydrophobic;SaltBridge,TMD
CIMG_06197,10,CIMG_06197_prepared_Verapamil,-6.6,0.079,-9.7873,-20.1073,-6.0365,33,22.0,0.05,3,HydrogenBond;Hydrophobic;PiStacking,NBD
CIMG_06197,2,CIMG_06197_prepared_Verapamil,-6.8,0.687,-1.9112,33.6061,10.1822,125,28.0,0.05,9,HydrogenBond;Hydrophobic;PiStacking,TMD
CIMG_06197,15,CIMG_06197_prepared_Verapamil,-6.7,0.041,13.8721,-15.88,-7.4031,36,22.0,0.0,6,HydrogenBond;Hydrophobic;SaltBridge,NONE
CIMG_06197,7,CIMG_06197_prepared_Verapamil,-6.1,0.222,15.7123,-21.9146,-8.1425,67,24.0,0.0,4,HydrogenBond;Hydrophobic,NONE
CIMG_06197,13,CIMG_06197_prepared_Verapamil,-7.7,0.051,-1.3877,18.5503,12.1275,48,22.0,0.05,10,HydrogenBond;Hydrophobic;PiStacking;SaltBridge,TMD
CIMG_06197,17,CIMG_06197_prepared_Verapamil,-6.6,0.029,5.7066,26.614,23.1621,13,20.0,0.05,7,HydrogenBond;Hydrophobic,TMD
CIMG_06197,16,CIMG_06197_prepared_Verapamil,-6.7,0.036,0.389,21.484,8.482,32,22.0,0.05,4,HydrogenBond;Hydrophobic;SaltBridge,TMD
CIMG_06197,20,CIMG_06197_prepared_Verapamil,-7.3,0.012,3.868,-39.1425,-11.7919,43,22.0,0.0,6,HydrogenBond;Hydrophobic;SaltBridge,NONE
CIMG_06197,6,CIMG_06197_prepared_Verapamil,-7.3,0.289,-11.8881,-19.5925,-14.4278,97,26.0,0.0,5,HydrogenBond;Hydrophobic;SaltBridge,NONE
CIMG_06197,5,CIMG_06197_prepared_Tacrolimus,-2.3,0.29,-2.5592,16.8285,2.0847,88,28.0,0.0,8,HydrogenBond;Hydrophobic,NONE
CIMG_06197,12,CIMG_06197_prepared_Tacrolimus,-10.0,0.06,9.1656,-24.8663,-9.4929,21,28.0,0.0,12,HydrogenBond;Hydrophobic,NONE
CIMG_06197,1,CIMG_06197_prepared_Tacrolimus,-2.8,0.687,1.1422,11.3549,15.5333,132,28.0,0.0,10,HydrogenBond;Hydrophobic,NONE
CIMG_06197,14,CIMG_06197_prepared_Tacrolimus,-1.0,0.044,3.0593,-34.1698,-21.297,49,28.0,0.0,7,HydrogenBond;Hydrophobic;SaltBridge,NONE
CIMG_06197,4,CIMG_06197_prepared_Tacrolimus,-5.0,0.48,-5.2403,29.6887,23.2668,95,28.0,0.05,13,HydrogenBond;Hydrophobic,TMD
CIMG_06197,11,CIMG_06197_prepared_Tacrolimus,-7.3,0.074,-16.0742,16.5957,21.0846,35,28.0,0.0,8,HydrogenBond;Hydrophobic,NONE
CIMG_06197,18,CIMG_06197_prepared_Tacrolimus,-8.0,0.021,-15.3567,25.145,12.9452,29,28.0,0.05,6,Hydrophobic,TMD
CIMG_06197,19,CIMG_06197_prepared_Tacrolimus,-7.4,0.021,-1.0427,-14.5718,9.3522,25,28.0,0.0,6,HydrogenBond;Hydrophobic,NONE
CIMG_06197,3,CIMG_06197_prepared_Tacrolimus,-2.5,0.638,-4.0394,40.8272,23.3493,38,28.0,0.05,10,HydrogenBond;Hydrophobic,TMD
CIMG_06197,9,CIMG_06197_prepared_Tacrolimus,-10.2,0.086,12.1465,-13.983,-12.944,34,28.0,0.05,13,HydrogenBond;Hydrophobic,NBD
CIMG_06197,8,CIMG_06197_prepared_Tacrolimus,-7.9,0.193,12.5228,3.3336,1.7891,53,28.0,0.05,8,HydrogenBond;Hydrophobic,TMD
CIMG_06197,10,CIMG_06197_prepared_Tacrolimus,-10.3,0.079,-9.7873,-20.1073,-6.0365,33,28.0,0.05,9,HydrogenBond;Hydrophobic;SaltBridge,NBD
CIMG_06197,2,CIMG_06197_prepared_Tacrolimus,-5.2,0.687,-1.9112,33.6061,10.1822,125,28.0,0.05,10,HydrogenBond;Hydrophobic,TMD
CIMG_06197,15,CIMG_06197_prepared_Tacrolimus,-10.2,0.041,13.8721,-15.88,-7.4031,36,28.0,0.0,12,HydrogenBond;Hydrophobic,NONE
CIMG_06197,7,CIMG_06197_prepared_Tacrolimus,-10.2,0.222,15.7123,-21.9146,-8.1425,67,28.0,0.0,13,HydrogenBond;Hydrophobic,NONE
CIMG_06197,13,CIMG_06197_prepared_Tacrolimus,-3.6,0.051,-1.3877,18.5503,12.1275,48,28.0,0.05,10,HydrogenBond;Hydrophobic,TMD
CIMG_06197,17,CIMG_06197_prepared_Tacrolimus,-5.7,0.029,5.7066,26.614,23.1621,13,28.0,0.05,4,Hydrophobic,TMD
CIMG_06197,16,CIMG_06197_prepared_Tacrolimus,-3.0,0.036,0.389,21.484,8.482,32,28.0,0.05,14,HydrogenBond;Hydrophobic,TMD
CIMG_06197,20,CIMG_06197_prepared_Tacrolimus,-7.6,0.012,3.868,-39.1425,-11.7919,43,28.0,0.0,6,HydrogenBond;Hydrophobic,NONE
CIMG_06197,6,CIMG_06197_prepared_Tacrolimus,-10.4,0.289,-11.8881,-19.5925,-14.4278,97,28.0,0.0,8,HydrogenBond;Hydrophobic;SaltBridge,NONE
CIMG_06197,5,CIMG_06197_prepared_Milbemycin,-7.4,0.29,-2.5592,16.8285,2.0847,88,26.0,0.0,8,Hydrophobic;SaltBridge,NONE
CIMG_06197,12,CIMG_06197_prepared_Milbemycin,-9.5,0.06,9.1656,-24.8663,-9.4929,21,20.0,0.0,6,HydrogenBond;Hydrophobic;SaltBridge,NONE
CIMG_06197,1,CIMG_06197_prepared_Milbemycin,-9.2,0.687,1.1422,11.3549,15.5333,132,28.0,0.0,9,HydrogenBond;Hydrophobic;SaltBridge,NONE
CIMG_06197,14,CIMG_06197_prepared_Milbemycin,-4.4,0.044,3.0593,-34.1698,-21.297,49,22.0,0.0,10,HydrogenBond;Hydrophobic,NONE
CIMG_06197,4,CIMG_06197_prepared_Milbemycin,-8.7,0.48,-5.2403,29.6887,23.2668,95,26.0,0.05,10,HydrogenBond;Hydrophobic,TMD
CIMG_06197,11,CIMG_06197_prepared_Milbemycin,-8.9,0.074,-16.0742,16.5957,21.0846,35,22.0,0.0,10,Hydrophobic,NONE
CIMG_06197,18,CIMG_06197_prepared_Milbemycin,-9.9,0.021,-15.3567,25.145,12.9452,29,20.0,0.05,7,Hydrophobic,TMD
CIMG_06197,19,CIMG_06197_prepared_Milbemycin,-7.6,0.021,-1.0427,-14.5718,9.3522,25,20.0,0.0,3,HydrogenBond;Hydrophobic,NONE
CIMG_06197,3,CIMG_06197_prepared_Milbemycin,0.0,0.638,-4.0394,40.8272,23.3493,38,22.0,0.05,12,HydrogenBond;Hydrophobic,TMD
CIMG_06197,9,CIMG_06197_prepared_Milbemycin,-10.1,0.086,12.1465,-13.983,-12.944,34,22.0,0.05,5,HydrogenBond;Hydrophobic;SaltBridge,NBD
CIMG_06197,8,CIMG_06197_prepared_Milbemycin,-10.3,0.193,12.5228,3.3336,1.7891,53,24.0,0.05,5,HydrogenBond;Hydrophobic;SaltBridge,TMD
CIMG_06197,10,CIMG_06197_prepared_Milbemycin,-9.8,0.079,-9.7873,-20.1073,-6.0365,33,22.0,0.05,4,HydrogenBond;Hydrophobic;SaltBridge,NBD
CIMG_06197,2,CIMG_06197_prepared_Milbemycin,-9.0,0.687,-1.9112,33.6061,10.1822,125,28.0,0.05,9,Hydrophobic;SaltBridge,TMD
CIMG_06197,15,CIMG_06197_prepared_Milbemycin,-10.3,0.041,13.8721,-15.88,-7.4031,36,22.0,0.0,5,HydrogenBond;Hydrophobic;SaltBridge,NONE
CIMG_06197,7,CIMG_06197_prepared_Milbemycin,-10.2,0.222,15.7123,-21.9146,-8.1425,67,24.0,0.0,6,HydrogenBond;Hydrophobic,NONE
CIMG_06197,13,CIMG_06197_prepared_Milbemycin,-8.5,0.051,-1.3877,18.5503,12.1275,48,22.0,0.05,7,Hydrophobic;SaltBridge,TMD
CIMG_06197,17,CIMG_06197_prepared_Milbemycin,-4.8,0.029,5.7066,26.614,23.1621,13,20.0,0.05,6,HydrogenBond;Hydrophobic,TMD
CIMG_06197,16,CIMG_06197_prepared_Milbemycin,-9.1,0.036,0.389,21.484,8.482,32,22.0,0.05,8,HydrogenBond;Hydrophobic;SaltBridge,TMD
CIMG_06197,20,CIMG_06197_prepared_Milbemycin,-9.0,0.012,3.868,-39.1425,-11.7919,43,22.0,0.0,5,HydrogenBond;Hydrophobic,NONE
CIMG_06197,6,CIMG_06197_prepared_Milbemycin,-10.6,0.289,-11.8881,-19.5925,-14.4278,97,26.0,0.0,7,HydrogenBond;Hydrophobic,NONE
CIMG_00533,5,CIMG_00533_prepared_Milbemycin,-10.7,0.634,-5.8021,42.6239,15.9518,118,28.0,0.0,5,HydrogenBond;Hydrophobic,NONE
CIMG_00533,12,CIMG_00533_prepared_Milbemycin,0.0,0.055,19.9758,-2.9126,-10.2915,32,22.0,0.0,11,HydrogenBond;Hydrophobic,NONE
CIMG_00533,1,CIMG_00533_prepared_Milbemycin,-8.7,0.931,-20.1204,-24.851,-0.4145,162,30.0,0.05,3,Hydrophobic,NBD
CIMG_00533,14,CIMG_00533_prepared_Milbemycin,-10.9,0.041,-10.188,-8.9671,-9.8228,45,22.0,0.05,8,HydrogenBond;Hydrophobic,NBD
CIMG_00533,4,CIMG_00533_prepared_Milbemycin,-5.7,0.777,-23.3097,-29.254,10.4809,57,24.0,0.0,3,HydrogenBond;Hydrophobic,NONE
CIMG_00533,11,CIMG_00533_prepared_Milbemycin,-7.7,0.085,13.7736,20.5006,12.5019,28,20.0,0.05,3,Hydrophobic,TMD
CIMG_00533,18,CIMG_00533_prepared_Milbemycin,-6.7,0.021,4.2472,-15.6165,-17.9077,22,20.0,0.0,9,HydrogenBond;Hydrophobic,NONE
CIMG_00533,19,CIMG_00533_prepared_Milbemycin,-6.3,0.015,3.8078,5.0699,-15.1802,41,22.0,0.0,7,HydrogenBond;Hydrophobic;SaltBridge,NONE
CIMG_00533,3,CIMG_00533_prepared_Milbemycin,0.0,0.845,-1.8916,22.4698,10.1907,99,26.0,0.05,12,Hydrophobic,TMD
CIMG_00533,9,CIMG_00533_prepared_Milbemycin,-8.2,0.122,-2.0297,-14.2115,-16.7312,50,22.0,0.0,8,HydrogenBond;Hydrophobic;SaltBridge,NONE
CIMG_00533,8,CIMG_00533_prepared_Milbemycin,-7.8,0.134,8.9664,-28.9658,-21.9655,46,22.0,0.0,4,HydrogenBond;Hydrophobic,NONE
CIMG_00533,10,CIMG_00533_prepared_Milbemycin,-6.7,0.09,-4.702,-13.7227,-21.4038,26,20.0,0.0,9,HydrogenBond;Hydrophobic,NONE
CIMG_00533,2,CIMG_00533_prepared_Milbemycin,-8.7,0.853,9.5108,-21.5839,2.4011,134,28.0,0.0,6,HydrogenBond;Hydrophobic,NONE
CIMG_00533,15,CIMG_00533_prepared_Milbemycin,0.0,0.032,18.593,4.049,-6.6827,22,20.0,0.0,15,HydrogenBond;Hydrophobic,NONE
CIMG_00533,7,CIMG_00533_prepared_Milbemycin,-8.8,0.214,-14.1305,24.6726,0.3425,59,24.0,0.05,9,Hydrophobic,TMD
CIMG_00533,13,CIMG_00533_prepared_Milbemycin,-8.4,0.045,7.1559,-12.9071,-23.9553,51,24.0,0.0,7,HydrogenBond;Hydrophobic;SaltBridge,NONE
CIMG_00533,21,CIMG_00533_prepared_Milbemycin,-6.6,0.005,20.9691,20.9484,0.4322,21,20.0,0.05,4,Hydrophobic,TMD
CIMG_00533,17,CIMG_00533_prepared_Milbemycin,-5.0,0.023,-7.7,9.4042,14.1382,42,22.0,0.05,7,Hydrophobic,TMD
CIMG_00533,16,CIMG_00533_prepared_Milbemycin,-1.1,0.032,7.125,-22.7408,-8.7634,18,20.0,0.0,2,HydrogenBond;Hydrophobic,NONE
CIMG_00533,20,CIMG_00533_prepared_Milbemycin,-8.3,0.01,24.8567,-34.1572,5.2022,14,20.0,0.0,7,HydrogenBond;Hydrophobic,NONE
CIMG_00533,6,CIMG_00533_prepared_Milbemycin,-8.4,0.239,-4.801,-0.2312,7.1023,73,24.0,0.0,4,Hydrophobic,NONE
CIMG_00533,5,CIMG_00533_prepared_Verapamil,-7.5,0.634,-5.8021,42.6239,15.9518,118,28.0,0.0,5,HydrogenBond;Hydrophobic;PiStacking,NONE
CIMG_00533,12,CIMG_00533_prepared_Verapamil,-3.0,0.055,19.9758,-2.9126,-10.2915,32,22.0,0.0,9,HydrogenBond;Hydrophobic;SaltBridge,NONE
CIMG_00533,1,CIMG_00533_prepared_Verapamil,-8.5,0.931,-20.1204,-24.851,-0.4145,162,30.0,0.05,7,HydrogenBond;Hydrophobic,NBD
CIMG_00533,14,CIMG_00533_prepared_Verapamil,-7.5,0.041,-10.188,-8.9671,-9.8228,45,22.0,0.05,8,HydrogenBond;Hydrophobic,NBD
CIMG_00533,4,CIMG_00533_prepared_Verapamil,-6.6,0.777,-23.3097,-29.254,10.4809,57,24.0,0.0,6,HydrogenBond;Hydrophobic,NONE
CIMG_00533,11,CIMG_00533_prepared_Verapamil,-6.0,0.085,13.7736,20.5006,12.5019,28,20.0,0.05,5,Hydrophobic;PiStacking,TMD
CIMG_00533,18,CIMG_00533_prepared_Verapamil,-7.3,0.021,4.2472,-15.6165,-17.9077,22,20.0,0.0,8,HydrogenBond;Hydrophobic,NONE
CIMG_00533,19,CIMG_00533_prepared_Verapamil,-6.0,0.015,3.8078,5.0699,-15.1802,41,22.0,0.0,6,HydrogenBond;Hydrophobic,NONE
CIMG_00533,3,CIMG_00533_prepared_Verapamil,-7.8,0.845,-1.8916,22.4698,10.1907,99,26.0,0.05,11,HydrogenBond;Hydrophobic,TMD
CIMG_00533,9,CIMG_00533_prepared_Verapamil,-7.3,0.122,-2.0297,-14.2115,-16.7312,50,22.0,0.0,9,HydrogenBond;Hydrophobic;SaltBridge,NONE
CIMG_00533,8,CIMG_00533_prepared_Verapamil,-6.8,0.134,8.9664,-28.9658,-21.9655,46,22.0,0.0,5,HydrogenBond;Hydrophobic,NONE
CIMG_00533,10,CIMG_00533_prepared_Verapamil,-7.7,0.09,-4.702,-13.7227,-21.4038,26,20.0,0.0,9,HydrogenBond;Hydrophobic;SaltBridge,NONE
CIMG_00533,2,CIMG_00533_prepared_Verapamil,-6.2,0.853,9.5108,-21.5839,2.4011,134,28.0,0.0,4,HydrogenBond;Hydrophobic;SaltBridge,NONE
CIMG_00533,15,CIMG_00533_prepared_Verapamil,0.0,0.032,18.593,4.049,-6.6827,22,20.0,0.0,10,HydrogenBond;Hydrophobic,NONE
CIMG_00533,7,CIMG_00533_prepared_Verapamil,-6.4,0.214,-14.1305,24.6726,0.3425,59,24.0,0.05,5,Hydrophobic;PiStacking,TMD
CIMG_00533,13,CIMG_00533_prepared_Verapamil,-5.9,0.045,7.1559,-12.9071,-23.9553,51,24.0,0.0,4,HydrogenBond;Hydrophobic,NONE
CIMG_00533,21,CIMG_00533_prepared_Verapamil,-5.1,0.005,20.9691,20.9484,0.4322,21,20.0,0.05,5,Hydrophobic;PiStacking,TMD
CIMG_00533,17,CIMG_00533_prepared_Verapamil,-7.5,0.023,-7.7,9.4042,14.1382,42,22.0,0.05,6,HydrogenBond;Hydrophobic,TMD
CIMG_00533,16,CIMG_00533_prepared_Verapamil,-7.1,0.032,7.125,-22.7408,-8.7634,18,20.0,0.0,5,HydrogenBond;Hydrophobic,NONE
CIMG_00533,20,CIMG_00533_prepared_Verapamil,-5.6,0.01,24.8567,-34.1572,5.2022,14,20.0,0.0,6,HydrogenBond;Hydrophobic,NONE
CIMG_00533,6,CIMG_00533_prepared_Verapamil,-8.0,0.239,-4.801,-0.2312,7.1023,73,24.0,0.0,5,HydrogenBond;Hydrophobic;PiStacking,NONE
CIMG_00533,5,CIMG_00533_prepared_Tacrolimus,-9.4,0.634,-5.8021,42.6239,15.9518,118,28.0,0.0,9,HydrogenBond;Hydrophobic,NONE
CIMG_00533,12,CIMG_00533_prepared_Tacrolimus,0.0,0.055,19.9758,-2.9126,-10.2915,32,28.0,0.0,9,HydrogenBond;Hydrophobic;SaltBridge,NONE
CIMG_00533,1,CIMG_00533_prepared_Tacrolimus,-4.3,0.931,-20.1204,-24.851,-0.4145,162,30.0,0.05,2,HydrogenBond;Hydrophobic;SaltBridge,NBD
CIMG_00533,14,CIMG_00533_prepared_Tacrolimus,-9.6,0.041,-10.188,-8.9671,-9.8228,45,28.0,0.05,8,HydrogenBond;Hydrophobic,NBD
CIMG_00533,4,CIMG_00533_prepared_Tacrolimus,-5.9,0.777,-23.3097,-29.254,10.4809,57,28.0,0.0,3,Hydrophobic;SaltBridge,NONE
CIMG_00533,11,CIMG_00533_prepared_Tacrolimus,-8.0,0.085,13.7736,20.5006,12.5019,28,28.0,0.05,7,Hydrophobic,TMD
CIMG_00533,18,CIMG_00533_prepared_Tacrolimus,-8.3,0.021,4.2472,-15.6165,-17.9077,22,28.0,0.0,10,HydrogenBond;Hydrophobic;SaltBridge,NONE
CIMG_00533,19,CIMG_00533_prepared_Tacrolimus,-7.5,0.015,3.8078,5.0699,-15.1802,41,28.0,0.0,10,HydrogenBond;Hydrophobic,NONE
CIMG_00533,3,CIMG_00533_prepared_Tacrolimus,0.0,0.845,-1.8916,22.4698,10.1907,99,28.0,0.05,5,HydrogenBond;Hydrophobic,TMD
CIMG_00533,9,CIMG_00533_prepared_Tacrolimus,-8.8,0.122,-2.0297,-14.2115,-16.7312,50,28.0,0.0,5,HydrogenBond;Hydrophobic,NONE
CIMG_00533,8,CIMG_00533_prepared_Tacrolimus,-7.5,0.134,8.9664,-28.9658,-21.9655,46,28.0,0.0,6,HydrogenBond;Hydrophobic;SaltBridge,NONE
CIMG_00533,10,CIMG_00533_prepared_Tacrolimus,-8.4,0.09,-4.702,-13.7227,-21.4038,26,28.0,0.0,8,HydrogenBond;Hydrophobic;SaltBridge,NONE
CIMG_00533,2,CIMG_00533_prepared_Tacrolimus,-8.7,0.853,9.5108,-21.5839,2.4011,134,28.0,0.0,6,HydrogenBond;Hydrophobic,NONE
CIMG_00533,15,CIMG_00533_prepared_Tacrolimus,-3.0,0.032,18.593,4.049,-6.6827,22,28.0,0.0,5,HydrogenBond;Hydrophobic,NONE
CIMG_00533,7,CIMG_00533_prepared_Tacrolimus,-7.5,0.214,-14.1305,24.6726,0.3425,59,28.0,0.05,9,Hydrophobic,TMD
CIMG_00533,13,CIMG_00533_prepared_Tacrolimus,-8.5,0.045,7.1559,-12.9071,-23.9553,51,28.0,0.0,7,HydrogenBond;Hydrophobic,NONE
CIMG_00533,21,CIMG_00533_prepared_Tacrolimus,-6.4,0.005,20.9691,20.9484,0.4322,21,28.0,0.05,5,HydrogenBond;Hydrophobic,TMD
CIMG_00533,17,CIMG_00533_prepared_Tacrolimus,-5.9,0.023,-7.7,9.4042,14.1382,42,28.0,0.05,7,HydrogenBond;Hydrophobic,TMD
CIMG_00533,16,CIMG_00533_prepared_Tacrolimus,-6.3,0.032,7.125,-22.7408,-8.7634,18,28.0,0.0,7,HydrogenBond;Hydrophobic,NONE
CIMG_00533,20,CIMG_00533_prepared_Tacrolimus,-6.7,0.01,24.8567,-34.1572,5.2022,14,28.0,0.0,7,HydrogenBond;Hydrophobic,NONE
CIMG_00533,6,CIMG_00533_prepared_Tacrolimus,-7.7,0.239,-4.801,-0.2312,7.1023,73,28.0,0.0,7,HydrogenBond;Hydrophobic;SaltBridge,NONE
CIMG_00533,5,CIMG_00533_prepared_Disulfiram,-4.5,0.634,-5.8021,42.6239,15.9518,118,28.0,0.0,7,Hydrophobic,NONE
CIMG_00533,12,CIMG_00533_prepared_Disulfiram,-4.0,0.055,19.9758,-2.9126,-10.2915,32,22.0,0.0,5,Hydrophobic,NONE
CIMG_00533,1,CIMG_00533_prepared_Disulfiram,-5.1,0.931,-20.1204,-24.851,-0.4145,162,30.0,0.05,2,Hydrophobic,NBD
CIMG_00533,14,CIMG_00533_prepared_Disulfiram,-4.9,0.041,-10.188,-8.9671,-9.8228,45,22.0,0.05,3,Hydrophobic,NBD
CIMG_00533,4,CIMG_00533_prepared_Disulfiram,-4.8,0.777,-23.3097,-29.254,10.4809,57,24.0,0.0,3,Hydrophobic,NONE
CIMG_00533,11,CIMG_00533_prepared_Disulfiram,-3.7,0.085,13.7736,20.5006,12.5019,28,20.0,0.05,5,Hydrophobic,TMD
CIMG_00533,18,CIMG_00533_prepared_Disulfiram,-4.4,0.021,4.2472,-15.6165,-17.9077,22,20.0,0.0,4,Hydrophobic,NONE
CIMG_00533,19,CIMG_00533_prepared_Disulfiram,-4.4,0.015,3.8078,5.0699,-15.1802,41,22.0,0.0,8,Hydrophobic,NONE
CIMG_00533,3,CIMG_00533_prepared_Disulfiram,-4.8,0.845,-1.8916,22.4698,10.1907,99,26.0,0.05,4,Hydrophobic,TMD
CIMG_00533,9,CIMG_00533_prepared_Disulfiram,-4.5,0.122,-2.0297,-14.2115,-16.7312,50,22.0,0.0,6,Hydrophobic,NONE
CIMG_00533,8,CIMG_00533_prepared_Disulfiram,-4.3,0.134,8.9664,-28.9658,-21.9655,46,22.0,0.0,5,Hydrophobic,NONE
CIMG_00533,10,CIMG_00533_prepared_Disulfiram,-4.5,0.09,-4.702,-13.7227,-21.4038,26,20.0,0.0,3,Hydrophobic,NONE
CIMG_00533,2,CIMG_00533_prepared_Disulfiram,-4.1,0.853,9.5108,-21.5839,2.4011,134,28.0,0.0,2,Hydrophobic,NONE
CIMG_00533,15,CIMG_00533_prepared_Disulfiram,-2.4,0.032,18.593,4.049,-6.6827,22,20.0,0.0,6,Hydrophobic,NONE
CIMG_00533,7,CIMG_00533_prepared_Disulfiram,-4.0,0.214,-14.1305,24.6726,0.3425,59,24.0,0.05,6,Hydrophobic,TMD
CIMG_00533,13,CIMG_00533_prepared_Disulfiram,-4.3,0.045,7.1559,-12.9071,-23.9553,51,24.0,0.0,4,Hydrophobic,NONE
CIMG_00533,21,CIMG_00533_prepared_Disulfiram,-3.0,0.005,20.9691,20.9484,0.4322,21,20.0,0.05,6,Hydrophobic,TMD
CIMG_00533,17,CIMG_00533_prepared_Disulfiram,-4.6,0.023,-7.7,9.4042,14.1382,42,22.0,0.05,6,Hydrophobic,TMD
CIMG_00533,16,CIMG_00533_prepared_Disulfiram,-4.8,0.032,7.125,-22.7408,-8.7634,18,20.0,0.0,5,Hydrophobic,NONE
CIMG_00533,20,CIMG_00533_prepared_Disulfiram,-3.5,0.01,24.8567,-34.1572,5.2022,14,20.0,0.0,3,Hydrophobic,NONE
CIMG_00533,6,CIMG_00533_prepared_Disulfiram,-4.8,0.239,-4.801,-0.2312,7.1023,73,24.0,0.0,6,Hydrophobic,NONE
CIMG_00533,5,CIMG_00533_prepared_Beauvericin,-8.9,0.634,-5.8021,42.6239,15.9518,118,28.0,0.0,10,HydrogenBond;Hydrophobic,NONE
CIMG_00533,12,CIMG_00533_prepared_Beauvericin,0.0,0.055,19.9758,-2.9126,-10.2915,32,28.0,0.0,9,HydrogenBond;Hydrophobic;SaltBridge,NONE
CIMG_00533,1,CIMG_00533_prepared_Beauvericin,-5.7,0.931,-20.1204,-24.851,-0.4145,162,30.0,0.05,6,Hydrophobic,NBD
CIMG_00533,14,CIMG_00533_prepared_Beauvericin,-6.4,0.041,-10.188,-8.9671,-9.8228,45,28.0,0.05,5,Hydrophobic;SaltBridge,NBD
CIMG_00533,4,CIMG_00533_prepared_Beauvericin,-7.1,0.777,-23.3097,-29.254,10.4809,57,28.0,0.0,3,Hydrophobic,NONE
CIMG_00533,11,CIMG_00533_prepared_Beauvericin,-8.7,0.085,13.7736,20.5006,12.5019,28,28.0,0.05,9,Hydrophobic,TMD
CIMG_00533,18,CIMG_00533_prepared_Beauvericin,-8.5,0.021,4.2472,-15.6165,-17.9077,22,28.0,0.0,7,HydrogenBond;Hydrophobic;SaltBridge,NONE
CIMG_00533,19,CIMG_00533_prepared_Beauvericin,-8.6,0.015,3.8078,5.0699,-15.1802,41,28.0,0.0,10,HydrogenBond;Hydrophobic;PiStacking,NONE
CIMG_00533,3,CIMG_00533_prepared_Beauvericin,-3.9,0.845,-1.8916,22.4698,10.1907,99,28.0,0.05,4,Hydrophobic,TMD
CIMG_00533,9,CIMG_00533_prepared_Beauvericin,-7.5,0.122,-2.0297,-14.2115,-16.7312,50,28.0,0.0,9,HydrogenBond;Hydrophobic,NONE
CIMG_00533,8,CIMG_00533_prepared_Beauvericin,-7.4,0.134,8.9664,-28.9658,-21.9655,46,28.0,0.0,8,HydrogenBond;Hydrophobic;SaltBridge,NONE
CIMG_00533,10,CIMG_00533_prepared_Beauvericin,-9.5,0.09,-4.702,-13.7227,-21.4038,26,28.0,0.0,9,HydrogenBond;Hydrophobic;SaltBridge,NONE
CIMG_00533,2,CIMG_00533_prepared_Beauvericin,-8.7,0.853,9.5108,-21.5839,2.4011,134,28.0,0.0,9,HydrogenBond;Hydrophobic;SaltBridge,NONE
CIMG_00533,15,CIMG_00533_prepared_Beauvericin,-6.5,0.032,18.593,4.049,-6.6827,22,28.0,0.0,6,Hydrophobic;SaltBridge,NONE
CIMG_00533,7,CIMG_00533_prepared_Beauvericin,-8.0,0.214,-14.1305,24.6726,0.3425,59,28.0,0.05,11,Hydrophobic;PiStacking,TMD
CIMG_00533,13,CIMG_00533_prepared_Beauvericin,-9.5,0.045,7.1559,-12.9071,-23.9553,51,28.0,0.0,9,HydrogenBond;Hydrophobic;SaltBridge,NONE
CIMG_00533,21,CIMG_00533_prepared_Beauvericin,-6.8,0.005,20.9691,20.9484,0.4322,21,28.0,0.05,6,HydrogenBond;Hydrophobic;PiStacking,TMD
CIMG_00533,17,CIMG_00533_prepared_Beauvericin,-6.6,0.023,-7.7,9.4042,14.1382,42,28.0,0.05,5,Hydrophobic;PiStacking,TMD
CIMG_00533,16,CIMG_00533_prepared_Beauvericin,-6.0,0.032,7.125,-22.7408,-8.7634,18,28.0,0.0,3,HydrogenBond;Hydrophobic,NONE
CIMG_00533,20,CIMG_00533_prepared_Beauvericin,-7.2,0.01,24.8567,-34.1572,5.2022,14,28.0,0.0,5,Hydrophobic;PiStacking,NONE
CIMG_00533,6,CIMG_00533_prepared_Beauvericin,-6.4,0.239,-4.801,-0.2312,7.1023,73,28.0,0.0,6,HydrogenBond;Hydrophobic;SaltBridge,NONE
CIMG_01418,5,CIMG_01418_prepared_Milbemycin,-6.3,0.23,-8.3827,-4.7821,-12.0001,81,26.0,0.0,4,HydrogenBond;Hydrophobic,NONE
CIMG_01418,12,CIMG_01418_prepared_Milbemycin,-9.7,0.041,-7.1862,-29.9141,-1.9042,34,22.0,0.05,6,Hydrophobic,TMD
CIMG_01418,1,CIMG_01418_prepared_Milbemycin,-9.5,0.847,-24.0731,21.1084,2.869,171,30.0,0.05,7,HydrogenBond;Hydrophobic,NBD
CIMG_01418,14,CIMG_01418_prepared_Milbemycin,-8.8,0.024,13.4843,16.165,-1.8571,25,20.0,0.0,5,HydrogenBond;Hydrophobic,NONE
CIMG_01418,4,CIMG_01418_prepared_Milbemycin,-9.8,0.404,-3.9124,-40.61,-21.7831,59,24.0,0.0,10,HydrogenBond;Hydrophobic,NONE
CIMG_01418,23,CIMG_01418_prepared_Milbemycin,-6.8,0.002,-21.1194,-34.0157,-27.713,19,20.0,0.0,5,HydrogenBond;Hydrophobic;SaltBridge,NONE
CIMG_01418,11,CIMG_01418_prepared_Milbemycin,-9.6,0.043,1.5155,-34.2916,-29.0895,37,22.0,0.05,7,HydrogenBond;Hydrophobic,TMD
CIMG_01418,18,CIMG_01418_prepared_Milbemycin,-8.6,0.011,9.388,12.002,23.7199,37,22.0,0.0,7,HydrogenBond;Hydrophobic,NONE
CIMG_01418,19,CIMG_01418_prepared_Milbemycin,-6.2,0.011,4.7233,-57.9606,-18.7727,19,20.0,0.0,3,HydrogenBond;Hydrophobic,NONE
CIMG_01418,22,CIMG_01418_prepared_Milbemycin,0.0,0.004,-12.0824,6.8929,-3.843,4,20.0,0.0,9,HydrogenBond;Hydrophobic,NONE
CIMG_01418,3,CIMG_01418_prepared_Milbemycin,0.0,0.589,0.0385,-23.1929,-13.3443,39,22.0,0.05,9,HydrogenBond;Hydrophobic,TMD
CIMG_01418,9,CIMG_01418_prepared_Milbemycin,0.0,0.046,4.825,23.4497,10.322,40,22.0,0.0,10,HydrogenBond;Hydrophobic,NONE
CIMG_01418,8,CIMG_01418_prepared_Milbemycin,-6.7,0.053,-18.9606,-13.3323,-11.81,31,20.0,0.05,6,Hydrophobic,TMD
CIMG_01418,10,CIMG_01418_prepared_Milbemycin,-6.3,0.044,4.913,30.2811,3.6968,14,20.0,0.0,1,HydrogenBond;Hydrophobic,NONE
CIMG_01418,2,CIMG_01418_prepared_Milbemycin,-8.8,0.813,7.0247,22.5077,-2.6619,132,28.0,0.0,5,HydrogenBond;Hydrophobic,NONE
CIMG_01418,15,CIMG_01418_prepared_Milbemycin,-8.2,0.021,17.0778,-32.749,-24.7115,29,20.0,0.0,7,HydrogenBond;Hydrophobic,NONE
CIMG_01418,7,CIMG_01418_prepared_Milbemycin,-8.5,0.132,13.8291,-18.891,-18.0837,30,20.0,0.05,7,Hydrophobic,TMD
CIMG_01418,13,CIMG_01418_prepared_Milbemycin,-6.4,0.033,1.8021,29.1956,15.3203,37,22.0,0.0,4,HydrogenBond;Hydrophobic,NONE
CIMG_01418,21,CIMG_01418_prepared_Milbemycin,-7.1,0.009,24.3224,-18.7015,-8.3305,22,20.0,0.05,6,Hydrophobic,TMD
CIMG_01418,17,CIMG_01418_prepared_Milbemycin,-9.6,0.016,-11.6624,-24.4121,-1.4198,27,20.0,0.0,5,Hydrophobic,NONE
CIMG_01418,16,CIMG_01418_prepared_Milbemycin,-3.0,0.021,-2.0956,-15.6885,-18.2409,33,22.0,0.05,7,Hydrophobic,TMD
CIMG_01418,20,CIMG_01418_prepared_Milbemycin,-8.5,0.01,4.5574,-39.4365,-22.2637,20,20.0,0.0,2,Hydrophobic,NONE
CIMG_01418,6,CIMG_01418_prepared_Milbemycin,-8.7,0.163,-2.169,10.1667,19.9381,50,22.0,0.0,5,Hydrophobic,NONE
CIMG_01418,5,CIMG_01418_prepared_Beauvericin,-5.7,0.23,-8.3827,-4.7821,-12.0001,81,28.0,0.0,7,Hydrophobic;PiStacking;SaltBridge,NONE
CIMG_01418,12,CIMG_01418_prepared_Beauvericin,-8.4,0.041,-7.1862,-29.9141,-1.9042,34,28.0,0.05,8,Hydrophobic;PiStacking,TMD
CIMG_01418,1,CIMG_01418_prepared_Beauvericin,-6.6,0.847,-24.0731,21.1084,2.869,171,30.0,0.05,5,HydrogenBond;Hydrophobic;SaltBridge,NBD
CIMG_01418,14,CIMG_01418_prepared_Beauvericin,-8.9,0.024,13.4843,16.165,-1.8571,25,28.0,0.0,8,HydrogenBond;Hydrophobic,NONE
CIMG_01418,4,CIMG_01418_prepared_Beauvericin,-9.4,0.404,-3.9124,-40.61,-21.7831,59,28.0,0.0,9,HydrogenBond;Hydrophobic,NONE
CIMG_01418,23,CIMG_01418_prepared_Beauvericin,-7.6,0.002,-21.1194,-34.0157,-27.713,19,28.0,0.0,5,Hydrophobic,NONE
CIMG_01418,11,CIMG_01418_prepared_Beauvericin,-9.3,0.043,1.5155,-34.2916,-29.0895,37,28.0,0.05,9,HydrogenBond;Hydrophobic,TMD
CIMG_01418,18,CIMG_01418_prepared_Beauvericin,-8.6,0.011,9.388,12.002,23.7199,37,28.0,0.0,7,HydrogenBond;Hydrophobic,NONE
CIMG_01418,19,CIMG_01418_prepared_Beauvericin,-6.0,0.011,4.7233,-57.9606,-18.7727,19,28.0,0.0,6,HydrogenBond;Hydrophobic;SaltBridge,NONE
CIMG_01418,22,CIMG_01418_prepared_Beauvericin,-6.9,0.004,-12.0824,6.8929,-3.843,4,28.0,0.0,6,HydrogenBond;Hydrophobic,NONE
CIMG_01418,3,CIMG_01418_prepared_Beauvericin,0.0,0.589,0.0385,-23.1929,-13.3443,39,28.0,0.05,15,HydrogenBond;Hydrophobic,TMD
CIMG_01418,9,CIMG_01418_prepared_Beauvericin,-1.8,0.046,4.825,23.4497,10.322,40,28.0,0.0,6,HydrogenBond;Hydrophobic;SaltBridge,NONE
CIMG_01418,8,CIMG_01418_prepared_Beauvericin,-7.1,0.053,-18.9606,-13.3323,-11.81,31,28.0,0.05,8,Hydrophobic,TMD
CIMG_01418,10,CIMG_01418_prepared_Beauvericin,-8.0,0.044,4.913,30.2811,3.6968,14,28.0,0.0,4,Hydrophobic,NONE
CIMG_01418,2,CIMG_01418_prepared_Beauvericin,-7.9,0.813,7.0247,22.5077,-2.6619,132,28.0,0.0,7,HydrogenBond;Hydrophobic,NONE
CIMG_01418,15,CIMG_01418_prepared_Beauvericin,-8.1,0.021,17.0778,-32.749,-24.7115,29,28.0,0.0,7,HydrogenBond;Hydrophobic;PiStacking;SaltBridge,NONE
CIMG_01418,7,CIMG_01418_prepared_Beauvericin,-9.0,0.132,13.8291,-18.891,-18.0837,30,28.0,0.05,11,Hydrophobic;PiStacking,TMD
CIMG_01418,13,CIMG_01418_prepared_Beauvericin,-7.6,0.033,1.8021,29.1956,15.3203,37,28.0,0.0,9,HydrogenBond;Hydrophobic;SaltBridge,NONE
CIMG_01418,21,CIMG_01418_prepared_Beauvericin,-6.7,0.009,24.3224,-18.7015,-8.3305,22,28.0,0.05,7,Hydrophobic,TMD
CIMG_01418,17,CIMG_01418_prepared_Beauvericin,-8.5,0.016,-11.6624,-24.4121,-1.4198,27,28.0,0.0,8,Hydrophobic;PiStacking,NONE
CIMG_01418,16,CIMG_01418_prepared_Beauvericin,-6.2,0.021,-2.0956,-15.6885,-18.2409,33,28.0,0.05,9,HydrogenBond;Hydrophobic,TMD
CIMG_01418,20,CIMG_01418_prepared_Beauvericin,-9.4,0.01,4.5574,-39.4365,-22.2637,20,28.0,0.0,9,HydrogenBond;Hydrophobic,NONE
CIMG_01418,6,CIMG_01418_prepared_Beauvericin,-8.7,0.163,-2.169,10.1667,19.9381,50,28.0,0.0,7,HydrogenBond;Hydrophobic,NONE
CIMG_01418,5,CIMG_01418_prepared_Tacrolimus,-5.5,0.23,-8.3827,-4.7821,-12.0001,81,28.0,0.0,6,HydrogenBond;Hydrophobic,NONE
CIMG_01418,12,CIMG_01418_prepared_Tacrolimus,-7.4,0.041,-7.1862,-29.9141,-1.9042,34,28.0,0.05,8,Hydrophobic,TMD
CIMG_01418,1,CIMG_01418_prepared_Tacrolimus,-5.7,0.847,-24.0731,21.1084,2.869,171,30.0,0.05,4,HydrogenBond;Hydrophobic;SaltBridge,NBD
CIMG_01418,14,CIMG_01418_prepared_Tacrolimus,-8.3,0.024,13.4843,16.165,-1.8571,25,28.0,0.0,5,HydrogenBond;Hydrophobic,NONE
CIMG_01418,4,CIMG_01418_prepared_Tacrolimus,-7.8,0.404,-3.9124,-40.61,-21.7831,59,28.0,0.0,8,HydrogenBond;Hydrophobic,NONE
CIMG_01418,23,CIMG_01418_prepared_Tacrolimus,-5.7,0.002,-21.1194,-34.0157,-27.713,19,28.0,0.0,3,HydrogenBond;Hydrophobic,NONE
CIMG_01418,11,CIMG_01418_prepared_Tacrolimus,-7.9,0.043,1.5155,-34.2916,-29.0895,37,28.0,0.05,5,Hydrophobic,TMD
CIMG_01418,18,CIMG_01418_prepared_Tacrolimus,-8.9,0.011,9.388,12.002,23.7199,37,28.0,0.0,8,HydrogenBond;Hydrophobic,NONE
CIMG_01418,19,CIMG_01418_prepared_Tacrolimus,-7.4,0.011,4.7233,-57.9606,-18.7727,19,28.0,0.0,6,HydrogenBond;Hydrophobic,NONE
CIMG_01418,22,CIMG_01418_prepared_Tacrolimus,-7.3,0.004,-12.0824,6.8929,-3.843,4,28.0,0.0,9,HydrogenBond;Hydrophobic;SaltBridge,NONE
CIMG_01418,3,CIMG_01418_prepared_Tacrolimus,0.0,0.589,0.0385,-23.1929,-13.3443,39,28.0,0.05,14,HydrogenBond;Hydrophobic,TMD
CIMG_01418,9,CIMG_01418_prepared_Tacrolimus,-3.8,0.046,4.825,23.4497,10.322,40,28.0,0.0,6,HydrogenBond;Hydrophobic,NONE
CIMG_01418,8,CIMG_01418_prepared_Tacrolimus,-7.4,0.053,-18.9606,-13.3323,-11.81,31,28.0,0.05,7,Hydrophobic,TMD
CIMG_01418,10,CIMG_01418_prepared_Tacrolimus,-7.6,0.044,4.913,30.2811,3.6968,14,28.0,0.0,5,HydrogenBond;Hydrophobic,NONE
CIMG_01418,2,CIMG_01418_prepared_Tacrolimus,-8.3,0.813,7.0247,22.5077,-2.6619,132,28.0,0.0,5,HydrogenBond;Hydrophobic,NONE
CIMG_01418,15,CIMG_01418_prepared_Tacrolimus,-6.9,0.021,17.0778,-32.749,-24.7115,29,28.0,0.0,6,Hydrophobic,NONE
CIMG_01418,7,CIMG_01418_prepared_Tacrolimus,-7.8,0.132,13.8291,-18.891,-18.0837,30,28.0,0.05,8,Hydrophobic,TMD
CIMG_01418,13,CIMG_01418_prepared_Tacrolimus,-6.3,0.033,1.8021,29.1956,15.3203,37,28.0,0.0,4,Hydrophobic,NONE
CIMG_01418,21,CIMG_01418_prepared_Tacrolimus,-6.8,0.009,24.3224,-18.7015,-8.3305,22,28.0,0.05,7,HydrogenBond;Hydrophobic,TMD
CIMG_01418,17,CIMG_01418_prepared_Tacrolimus,-7.5,0.016,-11.6624,-24.4121,-1.4198,27,28.0,0.0,7,Hydrophobic,NONE
CIMG_01418,16,CIMG_01418_prepared_Tacrolimus,-5.8,0.021,-2.0956,-15.6885,-18.2409,33,28.0,0.05,6,Hydrophobic,TMD
CIMG_01418,20,CIMG_01418_prepared_Tacrolimus,-7.8,0.01,4.5574,-39.4365,-22.2637,20,28.0,0.0,8,HydrogenBond;Hydrophobic,NONE
CIMG_01418,6,CIMG_01418_prepared_Tacrolimus,-8.6,0.163,-2.169,10.1667,19.9381,50,28.0,0.0,4,Hydrophobic,NONE
CIMG_01418,5,CIMG_01418_prepared_Verapamil,-7.9,0.23,-8.3827,-4.7821,-12.0001,81,26.0,0.0,7,HydrogenBond;Hydrophobic,NONE
CIMG_01418,12,CIMG_01418_prepared_Verapamil,-5.8,0.041,-7.1862,-29.9141,-1.9042,34,22.0,0.05,8,Hydrophobic;PiStacking,TMD
CIMG_01418,1,CIMG_01418_prepared_Verapamil,-7.0,0.847,-24.0731,21.1084,2.869,171,30.0,0.05,4,HydrogenBond;Hydrophobic,NBD
CIMG_01418,14,CIMG_01418_prepared_Verapamil,-5.8,0.024,13.4843,16.165,-1.8571,25,20.0,0.0,7,HydrogenBond;Hydrophobic;SaltBridge,NONE
CIMG_01418,4,CIMG_01418_prepared_Verapamil,-7.7,0.404,-3.9124,-40.61,-21.7831,59,24.0,0.0,7,HydrogenBond;Hydrophobic;PiStacking,NONE
CIMG_01418,23,CIMG_01418_prepared_Verapamil,-5.0,0.002,-21.1194,-34.0157,-27.713,19,20.0,0.0,3,HydrogenBond;Hydrophobic,NONE
CIMG_01418,11,CIMG_01418_prepared_Verapamil,-7.8,0.043,1.5155,-34.2916,-29.0895,37,22.0,0.05,7,HydrogenBond;Hydrophobic;PiStacking,TMD
CIMG_01418,18,CIMG_01418_prepared_Verapamil,-5.2,0.011,9.388,12.002,23.7199,37,22.0,0.0,5,HydrogenBond;Hydrophobic;SaltBridge,NONE
CIMG_01418,19,CIMG_01418_prepared_Verapamil,-4.3,0.011,4.7233,-57.9606,-18.7727,19,20.0,0.0,4,HydrogenBond;Hydrophobic,NONE
CIMG_01418,22,CIMG_01418_prepared_Verapamil,0.0,0.004,-12.0824,6.8929,-3.843,4,20.0,0.0,6,HydrogenBond;Hydrophobic,NONE
CIMG_01418,3,CIMG_01418_prepared_Verapamil,-5.1,0.589,0.0385,-23.1929,-13.3443,39,22.0,0.05,7,Hydrophobic;PiStacking,TMD
CIMG_01418,9,CIMG_01418_prepared_Verapamil,-7.5,0.046,4.825,23.4497,10.322,40,22.0,0.0,7,HydrogenBond;Hydrophobic,NONE
CIMG_01418,8,CIMG_01418_prepared_Verapamil,-6.1,0.053,-18.9606,-13.3323,-11.81,31,20.0,0.05,7,Hydrophobic;PiStacking,TMD
CIMG_01418,10,CIMG_01418_prepared_Verapamil,-6.3,0.044,4.913,30.2811,3.6968,14,20.0,0.0,6,HydrogenBond;Hydrophobic,NONE
CIMG_01418,2,CIMG_01418_prepared_Verapamil,-5.9,0.813,7.0247,22.5077,-2.6619,132,28.0,0.0,1,HydrogenBond,NONE
CIMG_01418,15,CIMG_01418_prepared_Verapamil,-4.9,0.021,17.0778,-32.749,-24.7115,29,20.0,0.0,7,HydrogenBond;Hydrophobic;PiStacking;SaltBridge,NONE
CIMG_01418,7,CIMG_01418_prepared_Verapamil,-6.2,0.132,13.8291,-18.891,-18.0837,30,20.0,0.05,7,Hydrophobic;PiStacking,TMD
CIMG_01418,13,CIMG_01418_prepared_Verapamil,-6.7,0.033,1.8021,29.1956,15.3203,37,22.0,0.0,6,HydrogenBond;Hydrophobic,NONE
CIMG_01418,21,CIMG_01418_prepared_Verapamil,-5.4,0.009,24.3224,-18.7015,-8.3305,22,20.0,0.05,7,HydrogenBond;Hydrophobic,TMD
CIMG_01418,17,CIMG_01418_prepared_Verapamil,-5.9,0.016,-11.6624,-24.4121,-1.4198,27,20.0,0.0,5,Hydrophobic;PiStacking,NONE
CIMG_01418,16,CIMG_01418_prepared_Verapamil,-7.0,0.021,-2.0956,-15.6885,-18.2409,33,22.0,0.05,8,HydrogenBond;Hydrophobic,TMD
CIMG_01418,20,CIMG_01418_prepared_Verapamil,-7.4,0.01,4.5574,-39.4365,-22.2637,20,20.0,0.0,5,HydrogenBond;Hydrophobic;PiStacking,NONE
CIMG_01418,6,CIMG_01418_prepared_Verapamil,-7.1,0.163,-2.169,10.1667,19.9381,50,22.0,0.0,6,HydrogenBond;Hydrophobic,NONE
CIMG_01418,5,CIMG_01418_prepared_Disulfiram,-4.8,0.23,-8.3827,-4.7821,-12.0001,81,26.0,0.0,3,Hydrophobic,NONE
CIMG_01418,12,CIMG_01418_prepared_Disulfiram,-4.0,0.041,-7.1862,-29.9141,-1.9042,34,22.0,0.05,7,Hydrophobic,TMD
CIMG_01418,1,CIMG_01418_prepared_Disulfiram,-4.6,0.847,-24.0731,21.1084,2.869,171,30.0,0.05,5,Hydrophobic,NBD
CIMG_01418,14,CIMG_01418_prepared_Disulfiram,-3.6,0.024,13.4843,16.165,-1.8571,25,20.0,0.0,5,Hydrophobic,NONE
CIMG_01418,4,CIMG_01418_prepared_Disulfiram,-4.6,0.404,-3.9124,-40.61,-21.7831,59,24.0,0.0,4,Hydrophobic,NONE
CIMG_01418,23,CIMG_01418_prepared_Disulfiram,-3.3,0.002,-21.1194,-34.0157,-27.713,19,20.0,0.0,0,,NONE
CIMG_01418,11,CIMG_01418_prepared_Disulfiram,-4.0,0.043,1.5155,-34.2916,-29.0895,37,22.0,0.05,5,Hydrophobic,TMD
CIMG_01418,18,CIMG_01418_prepared_Disulfiram,-3.6,0.011,9.388,12.002,23.7199,37,22.0,0.0,1,Hydrophobic,NONE
CIMG_01418,19,CIMG_01418_prepared_Disulfiram,-3.1,0.011,4.7233,-57.9606,-18.7727,19,20.0,0.0,3,Hydrophobic,NONE
CIMG_01418,22,CIMG_01418_prepared_Disulfiram,-2.6,0.004,-12.0824,6.8929,-3.843,4,20.0,0.0,4,Hydrophobic,NONE
CIMG_01418,3,CIMG_01418_prepared_Disulfiram,-3.9,0.589,0.0385,-23.1929,-13.3443,39,22.0,0.05,4,Hydrophobic,TMD
CIMG_01418,9,CIMG_01418_prepared_Disulfiram,-5.0,0.046,4.825,23.4497,10.322,40,22.0,0.0,2,Hydrophobic,NONE
CIMG_01418,8,CIMG_01418_prepared_Disulfiram,-4.0,0.053,-18.9606,-13.3323,-11.81,31,20.0,0.05,3,Hydrophobic,TMD
CIMG_01418,10,CIMG_01418_prepared_Disulfiram,-4.2,0.044,4.913,30.2811,3.6968,14,20.0,0.0,2,Hydrophobic,NONE
CIMG_01418,2,CIMG_01418_prepared_Disulfiram,-4.2,0.813,7.0247,22.5077,-2.6619,132,28.0,0.0,3,Hydrophobic,NONE
CIMG_01418,15,CIMG_01418_prepared_Disulfiram,-3.3,0.021,17.0778,-32.749,-24.7115,29,20.0,0.0,4,Hydrophobic,NONE
CIMG_01418,7,CIMG_01418_prepared_Disulfiram,-4.2,0.132,13.8291,-18.891,-18.0837,30,20.0,0.05,5,Hydrophobic,TMD
CIMG_01418,13,CIMG_01418_prepared_Disulfiram,-5.0,0.033,1.8021,29.1956,15.3203,37,22.0,0.0,2,Hydrophobic,NONE
CIMG_01418,21,CIMG_01418_prepared_Disulfiram,-3.2,0.009,24.3224,-18.7015,-8.3305,22,20.0,0.05,7,Hydrophobic,TMD
CIMG_01418,17,CIMG_01418_prepared_Disulfiram,-3.9,0.016,-11.6624,-24.4121,-1.4198,27,20.0,0.0,7,Hydrophobic,NONE
CIMG_01418,16,CIMG_01418_prepared_Disulfiram,-4.5,0.021,-2.0956,-15.6885,-18.2409,33,22.0,0.05,4,Hydrophobic,TMD
CIMG_01418,20,CIMG_01418_prepared_Disulfiram,-4.3,0.01,4.5574,-39.4365,-22.2637,20,20.0,0.0,4,Hydrophobic,NONE
CIMG_01418,6,CIMG_01418_prepared_Disulfiram,-4.3,0.163,-2.169,10.1667,19.9381,50,22.0,0.0,3,Hydrophobic,NONE
