Gene,Protein Accession,Domain Name,InterPro ID,Start,End,Length,Mean pLDDT,Domain_Label,Formatted,pLDDT_Numeric
CIMG_00533,XP_001246762.2,ABC_TRANSPORTER_1,IPR017871,303,317,15,95.49,Conserved Motif Site (ABC_CS),95.5 (303-317),95.49
CIMG_00533,XP_001246762.2,PDR_CDR,IPR010929,733,815,83,95.63,Drug Resistance Domain (PDR/CDR),95.6 (733-815),95.63
CIMG_00533,XP_001246762.2,PDR_CDR,IPR010929,1441,1489,49,95.73,Drug Resistance Domain (PDR/CDR),95.7 (1441-1489),95.73
CIMG_00533,XP_001246762.2,ABC_trans_N,IPR029481,65,149,85,93.19,N-terminal Exporter Domain (ABC_NTERM),93.2 (65-149),93.19
CIMG_00533,XP_001246762.2,ABC_TRANSPORTER_2,IPR003439,155,404,250,95.5,Nucleotide-Binding Domain (ABC_NBD),95.5 (155-404),95.5
CIMG_00533,XP_001246762.2,ABC_TRANSPORTER_2,IPR003439,856,1099,244,95.66,Nucleotide-Binding Domain (ABC_NBD),95.7 (856-1099),95.66
CIMG_00533,XP_001246762.2,ABC_tran,IPR003439,172,330,159,95.56,Nucleotide-Binding Domain (ABC_NBD),95.6 (172-330),95.56
CIMG_00533,XP_001246762.2,ABC_tran,IPR003439,875,1026,152,95.81,Nucleotide-Binding Domain (ABC_NBD),95.8 (875-1026),95.81
CIMG_00533,XP_001246762.2,,IPR027417,157,456,300,95.5,P-loop ATPase Domain (P_LOOP_NTPASE),95.5 (157-456),95.5
CIMG_00533,XP_001246762.2,P-loop containing nucleoside triphosphate hydrolases,IPR027417,165,404,240,95.53,P-loop ATPase Domain (P_LOOP_NTPASE),95.5 (165-404),95.53
CIMG_00533,XP_001246762.2,,IPR027417,859,1092,234,95.66,P-loop ATPase Domain (P_LOOP_NTPASE),95.7 (859-1092),95.66
CIMG_00533,XP_001246762.2,P-loop containing nucleoside triphosphate hydrolases,IPR027417,860,1085,226,95.66,P-loop ATPase Domain (P_LOOP_NTPASE),95.7 (860-1085),95.66
CIMG_00533,XP_001246762.2,ABC2_membrane,IPR013525,497,718,222,95.04,Transmembrane Domain (ABC_TM),95.0 (497-718),95.04
CIMG_00533,XP_001246762.2,ABC2_membrane,IPR013525,1175,1384,210,95.52,Transmembrane Domain (ABC_TM),95.5 (1175-1384),95.52
CIMG_00780,XP_001247009.1,ABC_TRANSPORTER_1,IPR017871,1187,1201,15,96.12,Conserved Motif Site (ABC_CS),96.1 (1187-1201),96.12
CIMG_00780,XP_001247009.1,ABC_TRANSPORTER_1,IPR017871,552,566,15,96.11,Conserved Motif Site (ABC_CS),96.1 (552-566),96.11
CIMG_00780,XP_001247009.1,ABC_TRANSPORTER_2,IPR003439,404,649,246,96.2,Nucleotide-Binding Domain (ABC_NBD),96.2 (404-649),96.2
CIMG_00780,XP_001247009.1,ABC_TRANSPORTER_2,IPR003439,1046,1284,239,96.11,Nucleotide-Binding Domain (ABC_NBD),96.1 (1046-1284),96.11
CIMG_00780,XP_001247009.1,ABC_tran,IPR003439,422,580,159,96.29,Nucleotide-Binding Domain (ABC_NBD),96.3 (422-580),96.29
CIMG_00780,XP_001247009.1,ABC_tran,IPR003439,1064,1215,152,96.11,Nucleotide-Binding Domain (ABC_NBD),96.1 (1064-1215),96.11
CIMG_00780,XP_001247009.1,,IPR027417,402,664,263,95.97,P-loop ATPase Domain (P_LOOP_NTPASE),96.0 (402-664),95.97
CIMG_00780,XP_001247009.1,P-loop containing nucleoside triphosphate hydrolases,IPR027417,396,650,255,96.21,P-loop ATPase Domain (P_LOOP_NTPASE),96.2 (396-650),96.21
CIMG_00780,XP_001247009.1,,IPR027417,1041,1290,250,96.06,P-loop ATPase Domain (P_LOOP_NTPASE),96.1 (1041-1290),96.06
CIMG_00780,XP_001247009.1,P-loop containing nucleoside triphosphate hydrolases,IPR027417,1042,1285,244,96.11,P-loop ATPase Domain (P_LOOP_NTPASE),96.1 (1042-1285),96.11
CIMG_00780,XP_001247009.1,"ABC transporter type 1, transmembrane domain",IPR036640,127,1019,893,95.74,Transmembrane Domain (ABC_TM),95.7 (127-1019),95.74
CIMG_00780,XP_001247009.1,ABC transporter transmembrane region,IPR036640,64,388,325,95.85,Transmembrane Domain (ABC_TM),95.8 (64-388),95.85
CIMG_00780,XP_001247009.1,ABC transporter transmembrane region,IPR036640,712,1024,313,95.86,Transmembrane Domain (ABC_TM),95.9 (712-1024),95.86
CIMG_00780,XP_001247009.1,ABC_TM1F,IPR011527,80,369,290,95.83,Transmembrane Domain (ABC_TM),95.8 (80-369),95.83
CIMG_00780,XP_001247009.1,ABC_TM1F,IPR011527,724,1011,288,95.84,Transmembrane Domain (ABC_TM),95.8 (724-1011),95.84
CIMG_00780,XP_001247009.1,ABC_membrane,IPR011527,78,351,274,95.86,Transmembrane Domain (ABC_TM),95.9 (78-351),95.86
CIMG_00780,XP_001247009.1,ABC_membrane,IPR011527,724,995,272,95.86,Transmembrane Domain (ABC_TM),95.9 (724-995),95.86
CIMG_01418,XP_001247647.1,ABC_TRANSPORTER_1,IPR017871,324,338,15,94.9,Conserved Motif Site (ABC_CS),94.9 (324-338),94.9
CIMG_01418,XP_001247647.1,PDR_CDR,IPR010929,738,827,90,95.95,Drug Resistance Domain (PDR/CDR),96.0 (738-827),95.95
CIMG_01418,XP_001247647.1,ABC_trans_N,IPR029481,79,167,89,95.38,N-terminal Exporter Domain (ABC_NTERM),95.4 (79-167),95.38
CIMG_01418,XP_001247647.1,ABC_TRANSPORTER_2,IPR003439,170,425,256,95.71,Nucleotide-Binding Domain (ABC_NBD),95.7 (170-425),95.71
CIMG_01418,XP_001247647.1,ABC_TRANSPORTER_2,IPR003439,868,1111,244,95.74,Nucleotide-Binding Domain (ABC_NBD),95.7 (868-1111),95.74
CIMG_01418,XP_001247647.1,ABC_tran,IPR003439,192,351,160,95.76,Nucleotide-Binding Domain (ABC_NBD),95.8 (192-351),95.76
CIMG_01418,XP_001247647.1,ABC_tran,IPR003439,887,1038,152,95.78,Nucleotide-Binding Domain (ABC_NBD),95.8 (887-1038),95.78
CIMG_01418,XP_001247647.1,,IPR027417,183,418,236,95.71,P-loop ATPase Domain (P_LOOP_NTPASE),95.7 (183-418),95.71
CIMG_01418,XP_001247647.1,,IPR027417,872,1106,235,95.72,P-loop ATPase Domain (P_LOOP_NTPASE),95.7 (872-1106),95.72
CIMG_01418,XP_001247647.1,P-loop containing nucleoside triphosphate hydrolases,IPR027417,190,416,227,95.7,P-loop ATPase Domain (P_LOOP_NTPASE),95.7 (190-416),95.7
CIMG_01418,XP_001247647.1,P-loop containing nucleoside triphosphate hydrolases,IPR027417,880,1093,214,95.71,P-loop ATPase Domain (P_LOOP_NTPASE),95.7 (880-1093),95.71
CIMG_01418,XP_001247647.1,ABC2_membrane,IPR013525,1185,1400,216,95.76,Transmembrane Domain (ABC_TM),95.8 (1185-1400),95.76
CIMG_01418,XP_001247647.1,ABC2_membrane,IPR013525,517,727,211,95.76,Transmembrane Domain (ABC_TM),95.8 (517-727),95.76
CIMG_06197,XP_001242301.1,ABC_TRANSPORTER_1,IPR017871,1239,1253,15,96.05,Conserved Motif Site (ABC_CS),96.0 (1239-1253),96.05
CIMG_06197,XP_001242301.1,ABC_TRANSPORTER_1,IPR017871,576,590,15,95.97,Conserved Motif Site (ABC_CS),96.0 (576-590),95.97
CIMG_06197,XP_001242301.1,ABC_TRANSPORTER_2,IPR003439,428,673,246,96.1,Nucleotide-Binding Domain (ABC_NBD),96.1 (428-673),96.1
CIMG_06197,XP_001242301.1,ABC_TRANSPORTER_2,IPR003439,1098,1336,239,96.07,Nucleotide-Binding Domain (ABC_NBD),96.1 (1098-1336),96.07
CIMG_06197,XP_001242301.1,ABC_tran,IPR003439,447,604,158,96.12,Nucleotide-Binding Domain (ABC_NBD),96.1 (447-604),96.12
CIMG_06197,XP_001242301.1,ABC_tran,IPR003439,1116,1267,152,96.09,Nucleotide-Binding Domain (ABC_NBD),96.1 (1116-1267),96.09
CIMG_06197,XP_001242301.1,,IPR027417,418,675,258,96.1,P-loop ATPase Domain (P_LOOP_NTPASE),96.1 (418-675),96.1
CIMG_06197,XP_001242301.1,P-loop containing nucleoside triphosphate hydrolases,IPR027417,419,674,256,96.1,P-loop ATPase Domain (P_LOOP_NTPASE),96.1 (419-674),96.1
CIMG_06197,XP_001242301.1,,IPR027417,1088,1338,251,96.07,P-loop ATPase Domain (P_LOOP_NTPASE),96.1 (1088-1338),96.07
CIMG_06197,XP_001242301.1,P-loop containing nucleoside triphosphate hydrolases,IPR027417,1092,1337,246,96.07,P-loop ATPase Domain (P_LOOP_NTPASE),96.1 (1092-1337),96.07
CIMG_06197,XP_001242301.1,"ABC transporter type 1, transmembrane domain",IPR036640,89,693,605,95.96,Transmembrane Domain (ABC_TM),96.0 (89-693),95.96
CIMG_06197,XP_001242301.1,ABC transporter transmembrane region,IPR036640,90,412,323,95.91,Transmembrane Domain (ABC_TM),95.9 (90-412),95.91
CIMG_06197,XP_001242301.1,ABC transporter transmembrane region,IPR036640,760,1082,323,95.82,Transmembrane Domain (ABC_TM),95.8 (760-1082),95.82
CIMG_06197,XP_001242301.1,"ABC transporter type 1, transmembrane domain",IPR036640,764,1064,301,95.8,Transmembrane Domain (ABC_TM),95.8 (764-1064),95.8
CIMG_06197,XP_001242301.1,ABC_TM1F,IPR011527,103,393,291,95.88,Transmembrane Domain (ABC_TM),95.9 (103-393),95.88
CIMG_06197,XP_001242301.1,ABC_TM1F,IPR011527,774,1063,290,95.79,Transmembrane Domain (ABC_TM),95.8 (774-1063),95.79
CIMG_06197,XP_001242301.1,ABC_membrane,IPR011527,102,377,276,95.91,Transmembrane Domain (ABC_TM),95.9 (102-377),95.91
CIMG_06197,XP_001242301.1,ABC_membrane,IPR011527,776,1048,273,95.82,Transmembrane Domain (ABC_TM),95.8 (776-1048),95.82
CIMG_06197,XP_001242301.1,"ABC transporter type 1, transmembrane domain",IPR036640,1065,1087,23,95.93,Transmembrane Domain (ABC_TM),95.9 (1065-1087),95.93
CIMG_09093,XP_001239472.1,PDR_CDR,IPR010929,687,775,89,95.6,Drug Resistance Domain (PDR/CDR),95.6 (687-775),95.6
CIMG_09093,XP_001239472.1,PDR_CDR,IPR010929,1417,1457,41,95.7,Drug Resistance Domain (PDR/CDR),95.7 (1417-1457),95.7
CIMG_09093,XP_001239472.1,ABC_trans_N,IPR029481,34,118,85,93.16,N-terminal Exporter Domain (ABC_NTERM),93.2 (34-118),93.16
CIMG_09093,XP_001239472.1,ABC_TRANSPORTER_2,IPR003439,120,374,255,95.51,Nucleotide-Binding Domain (ABC_NBD),95.5 (120-374),95.51
CIMG_09093,XP_001239472.1,ABC_TRANSPORTER_2,IPR003439,813,1055,243,95.51,Nucleotide-Binding Domain (ABC_NBD),95.5 (813-1055),95.51
CIMG_09093,XP_001239472.1,ABC_tran,IPR003439,141,300,160,95.76,Nucleotide-Binding Domain (ABC_NBD),95.8 (141-300),95.76
CIMG_09093,XP_001239472.1,ABC_tran,IPR003439,833,983,151,95.75,Nucleotide-Binding Domain (ABC_NBD),95.8 (833-983),95.75
CIMG_09093,XP_001239472.1,,IPR027417,124,367,244,95.55,P-loop ATPase Domain (P_LOOP_NTPASE),95.5 (124-367),95.55
CIMG_09093,XP_001239472.1,P-loop containing nucleoside triphosphate hydrolases,IPR027417,131,370,240,95.63,P-loop ATPase Domain (P_LOOP_NTPASE),95.6 (131-370),95.63
CIMG_09093,XP_001239472.1,,IPR027417,814,1048,235,95.51,P-loop ATPase Domain (P_LOOP_NTPASE),95.5 (814-1048),95.51
CIMG_09093,XP_001239472.1,P-loop containing nucleoside triphosphate hydrolases,IPR027417,822,1042,221,95.51,P-loop ATPase Domain (P_LOOP_NTPASE),95.5 (822-1042),95.51
CIMG_09093,XP_001239472.1,ABC2_membrane,IPR013525,1140,1354,215,95.6,Transmembrane Domain (ABC_TM),95.6 (1140-1354),95.6
CIMG_09093,XP_001239472.1,ABC2_membrane,IPR013525,466,676,211,95.65,Transmembrane Domain (ABC_TM),95.7 (466-676),95.65
