Gene_ID,Protein_Accession,Domain_ID,Domain_Name,Start,End,Score,E-Value,InterPro_ID,InterPro_Name,InterPro_Description
CIMG_06197,XP_001242301.1,TRANSMEMBRANE,Transmembrane region,1002,1022,,,,,
CIMG_06197,XP_001242301.1,TRANSMEMBRANE,Transmembrane region,226,244,,,,,
CIMG_06197,XP_001242301.1,CYTOPLASMIC_DOMAIN,Cytoplasmic domain,175,225,,,,,
CIMG_06197,XP_001242301.1,TMhelix,,1002,1024,-1.0,,,,
CIMG_06197,XP_001242301.1,G3DSA:3.40.50.300:FF:000251,,418,675,383.6,9.6e-115,,,
CIMG_06197,XP_001242301.1,TMhelix,,99,121,-1.0,,,,
CIMG_06197,XP_001242301.1,TMhelix,,1034,1056,-1.0,,,,
CIMG_06197,XP_001242301.1,NON_CYTOPLASMIC_DOMAIN,Non cytoplasmic domain,124,149,,,,,
CIMG_06197,XP_001242301.1,G3DSA:3.40.50.300:FF:000302,,1088,1337,379.2,2.2e-113,,,
CIMG_06197,XP_001242301.1,G3DSA:1.20.1560.10,"ABC transporter type 1, transmembrane domain",89,693,758.8,0.0,IPR036640,ABC1_TM_sf,"ABC transporter type 1, transmembrane domain superfamily"
CIMG_06197,XP_001242301.1,G3DSA:1.20.1560.10,"ABC transporter type 1, transmembrane domain",764,1064,245.9,2.5e-72,IPR036640,ABC1_TM_sf,"ABC transporter type 1, transmembrane domain superfamily"
CIMG_06197,XP_001242301.1,G3DSA:1.20.1560.10,"ABC transporter type 1, transmembrane domain",1065,1087,465.8,0.0,IPR036640,ABC1_TM_sf,"ABC transporter type 1, transmembrane domain superfamily"
CIMG_06197,XP_001242301.1,TRANSMEMBRANE,Transmembrane region,364,384,,,,,
CIMG_06197,XP_001242301.1,SM00382,AAA_5,1125,1319,74.3,1.5e-17,IPR003593,AAA+_ATPase,AAA+ ATPase domain
CIMG_06197,XP_001242301.1,SM00382,AAA_5,455,650,78.4,8.6e-19,IPR003593,AAA+_ATPase,AAA+ ATPase domain
CIMG_06197,XP_001242301.1,CYTOPLASMIC_DOMAIN,Cytoplasmic domain,942,1001,,,,,
CIMG_06197,XP_001242301.1,TRANSMEMBRANE,Transmembrane region,331,352,,,,,
CIMG_06197,XP_001242301.1,SSF90123,ABC transporter transmembrane region,90,412,,,IPR036640,ABC1_TM_sf,"ABC transporter type 1, transmembrane domain superfamily"
CIMG_06197,XP_001242301.1,cd18578,ABC_6TM_Pgp_ABCB1_D2_like,764,1081,428.024,0.0,,,
CIMG_06197,XP_001242301.1,TRANSMEMBRANE,Transmembrane region,99,123,,,,,
CIMG_06197,XP_001242301.1,TMhelix,,772,794,-1.0,,,,
CIMG_06197,XP_001242301.1,PTHR43394,"ATP-DEPENDENT PERMEASE MDL1, MITOCHONDRIAL",54,676,,,IPR039421,Type_1_exporter,Type 1 protein exporter
CIMG_06197,XP_001242301.1,G3DSA:1.20.1560.10:FF:000102,,89,427,485.6,0.0,,,
CIMG_06197,XP_001242301.1,TMhelix,,820,842,-1.0,,,,
CIMG_06197,XP_001242301.1,TMhelix,,152,174,-1.0,,,,
CIMG_06197,XP_001242301.1,TRANSMEMBRANE,Transmembrane region,815,842,,,,,
CIMG_06197,XP_001242301.1,mobidb-lite,disorder_prediction,20,36,,,,,
CIMG_06197,XP_001242301.1,CYTOPLASMIC_DOMAIN,Cytoplasmic domain,1059,1343,,,,,
CIMG_06197,XP_001242301.1,TRANSMEMBRANE,Transmembrane region,894,914,,,,,
CIMG_06197,XP_001242301.1,TRANSMEMBRANE,Transmembrane region,772,795,,,,,
CIMG_06197,XP_001242301.1,PS50893,ABC_TRANSPORTER_2,1098,1336,25.977148,,IPR003439,ABC_transporter-like_ATP-bd,"ABC transporter-like, ATP-binding domain"
CIMG_06197,XP_001242301.1,G3DSA:1.20.1560.10:FF:000009,,756,1064,323.2,5.2e-96,,,
CIMG_06197,XP_001242301.1,TMhelix,,226,245,-1.0,,,,
CIMG_06197,XP_001242301.1,G3DSA:3.40.50.300,,1088,1338,465.8,0.0,IPR027417,P-loop_NTPase,P-loop containing nucleoside triphosphate hydrolase
CIMG_06197,XP_001242301.1,G3DSA:3.40.50.300,,418,675,758.8,0.0,IPR027417,P-loop_NTPase,P-loop containing nucleoside triphosphate hydrolase
CIMG_06197,XP_001242301.1,SSF90123,ABC transporter transmembrane region,760,1082,,,IPR036640,ABC1_TM_sf,"ABC transporter type 1, transmembrane domain superfamily"
CIMG_06197,XP_001242301.1,PS00211,ABC_TRANSPORTER_1,1239,1253,,,IPR017871,ABC_transporter-like_CS,"ABC transporter-like, conserved site"
CIMG_06197,XP_001242301.1,CYTOPLASMIC_DOMAIN,Cytoplasmic domain,843,893,,,,,
CIMG_06197,XP_001242301.1,TRANSMEMBRANE,Transmembrane region,1034,1058,,,,,
CIMG_06197,XP_001242301.1,NON_CYTOPLASMIC_DOMAIN,Non cytoplasmic domain,245,249,,,,,
CIMG_06197,XP_001242301.1,TRANSMEMBRANE,Transmembrane region,150,174,,,,,
CIMG_06197,XP_001242301.1,TMhelix,,888,910,-1.0,,,,
CIMG_06197,XP_001242301.1,TMhelix,,920,942,-1.0,,,,
CIMG_06197,XP_001242301.1,NON_CYTOPLASMIC_DOMAIN,Non cytoplasmic domain,353,363,,,,,
CIMG_06197,XP_001242301.1,TRANSMEMBRANE,Transmembrane region,250,273,,,,,
CIMG_06197,XP_001242301.1,mobidb-lite,disorder_prediction,679,698,,,,,
CIMG_06197,XP_001242301.1,NON_CYTOPLASMIC_DOMAIN,Non cytoplasmic domain,915,919,,,,,
CIMG_06197,XP_001242301.1,cd03249,ABC_MTABC3_MDL1_MDL2,1098,1337,430.037,0.0,,,
CIMG_06197,XP_001242301.1,CYTOPLASMIC_DOMAIN,Cytoplasmic domain,385,771,,,,,
CIMG_06197,XP_001242301.1,cd03249,ABC_MTABC3_MDL1_MDL2,428,674,414.629,0.0,,,
CIMG_06197,XP_001242301.1,PS00211,ABC_TRANSPORTER_1,576,590,,,IPR017871,ABC_transporter-like_CS,"ABC transporter-like, conserved site"
CIMG_06197,XP_001242301.1,NON_CYTOPLASMIC_DOMAIN,Non cytoplasmic domain,1023,1033,,,,,
CIMG_06197,XP_001242301.1,SSF52540,P-loop containing nucleoside triphosphate hydrolases,419,674,,,IPR027417,P-loop_NTPase,P-loop containing nucleoside triphosphate hydrolase
CIMG_06197,XP_001242301.1,PF00005,ABC_tran,447,604,110.6,3e-28,IPR003439,ABC_transporter-like_ATP-bd,"ABC transporter-like, ATP-binding domain"
CIMG_06197,XP_001242301.1,PF00005,ABC_tran,1116,1267,104.9,1.7e-26,IPR003439,ABC_transporter-like_ATP-bd,"ABC transporter-like, ATP-binding domain"
CIMG_06197,XP_001242301.1,PS50929,ABC_TM1F,103,393,45.468178,,IPR011527,ABC1_TM_dom,"ABC transporter type 1, transmembrane domain"
CIMG_06197,XP_001242301.1,TMhelix,,250,272,-1.0,,,,
CIMG_06197,XP_001242301.1,SSF52540,P-loop containing nucleoside triphosphate hydrolases,1092,1337,,,IPR027417,P-loop_NTPase,P-loop containing nucleoside triphosphate hydrolase
CIMG_06197,XP_001242301.1,PF00664,ABC_membrane,102,377,173.7,2.1e-47,IPR011527,ABC1_TM_dom,"ABC transporter type 1, transmembrane domain"
CIMG_06197,XP_001242301.1,PF00664,ABC_membrane,776,1048,166.9,2.4e-45,IPR011527,ABC1_TM_dom,"ABC transporter type 1, transmembrane domain"
CIMG_06197,XP_001242301.1,TMhelix,,330,352,-1.0,,,,
CIMG_06197,XP_001242301.1,TMhelix,,362,384,-1.0,,,,
CIMG_06197,XP_001242301.1,PS50893,ABC_TRANSPORTER_2,428,673,26.544039,,IPR003439,ABC_transporter-like_ATP-bd,"ABC transporter-like, ATP-binding domain"
CIMG_06197,XP_001242301.1,cd18577,ABC_6TM_Pgp_ABCB1_D1_like,102,401,366.414,3.74411e-117,,,
CIMG_06197,XP_001242301.1,NON_CYTOPLASMIC_DOMAIN,Non cytoplasmic domain,796,814,,,,,
CIMG_06197,XP_001242301.1,PS50929,ABC_TM1F,774,1063,38.904545,,IPR011527,ABC1_TM_dom,"ABC transporter type 1, transmembrane domain"
CIMG_06197,XP_001242301.1,CYTOPLASMIC_DOMAIN,Cytoplasmic domain,1,98,,,,,
CIMG_06197,XP_001242301.1,CYTOPLASMIC_DOMAIN,Cytoplasmic domain,274,330,,,,,
CIMG_06197,XP_001242301.1,mobidb-lite,disorder_prediction,1,46,,,,,
CIMG_06197,XP_001242301.1,TRANSMEMBRANE,Transmembrane region,920,941,,,,,
CIMG_09093,XP_001239472.1,SSF52540,P-loop containing nucleoside triphosphate hydrolases,822,1042,,,IPR027417,P-loop_NTPase,P-loop containing nucleoside triphosphate hydrolase
CIMG_09093,XP_001239472.1,TRANSMEMBRANE,Transmembrane region,519,541,,,,,
CIMG_09093,XP_001239472.1,TRANSMEMBRANE,Transmembrane region,1314,1338,,,,,
CIMG_09093,XP_001239472.1,CYTOPLASMIC_DOMAIN,Cytoplasmic domain,508,518,,,,,
CIMG_09093,XP_001239472.1,NON_CYTOPLASMIC_DOMAIN,Non cytoplasmic domain,1,486,,,,,
CIMG_09093,XP_001239472.1,TRANSMEMBRANE,Transmembrane region,595,615,,,,,
CIMG_09093,XP_001239472.1,TMhelix,,624,646,-1.0,,,,
CIMG_09093,XP_001239472.1,TMhelix,,1281,1303,-1.0,,,,
CIMG_09093,XP_001239472.1,TRANSMEMBRANE,Transmembrane region,733,753,,,,,
CIMG_09093,XP_001239472.1,TMhelix,,736,758,-1.0,,,,
CIMG_09093,XP_001239472.1,cd03233,ABCG_PDR_domain1,129,356,232.538,2.19942e-70,IPR034001,ABCG_PDR_1,"ATP-binding cassette transporter, PDR-like subfamily G, domain 1"
CIMG_09093,XP_001239472.1,CYTOPLASMIC_DOMAIN,Cytoplasmic domain,1214,1233,,,,,
CIMG_09093,XP_001239472.1,TRANSMEMBRANE,Transmembrane region,1190,1213,,,,,
CIMG_09093,XP_001239472.1,TRANSMEMBRANE,Transmembrane region,1234,1260,,,,,
CIMG_09093,XP_001239472.1,TMhelix,,519,541,-1.0,,,,
CIMG_09093,XP_001239472.1,PF00005,ABC_tran,141,300,64.7,4.3e-14,IPR003439,ABC_transporter-like_ATP-bd,"ABC transporter-like, ATP-binding domain"
CIMG_09093,XP_001239472.1,PF00005,ABC_tran,833,983,66.0,1.7e-14,IPR003439,ABC_transporter-like_ATP-bd,"ABC transporter-like, ATP-binding domain"
CIMG_09093,XP_001239472.1,CYTOPLASMIC_DOMAIN,Cytoplasmic domain,616,626,,,,,
CIMG_09093,XP_001239472.1,NON_CYTOPLASMIC_DOMAIN,Non cytoplasmic domain,1261,1279,,,,,
CIMG_09093,XP_001239472.1,mobidb-lite,disorder_prediction,1,25,,,,,
CIMG_09093,XP_001239472.1,TMhelix,,561,583,-1.0,,,,
CIMG_09093,XP_001239472.1,CYTOPLASMIC_DOMAIN,Cytoplasmic domain,1303,1313,,,,,
CIMG_09093,XP_001239472.1,SM00382,AAA_5,841,1032,58.9,6.5e-13,IPR003593,AAA+_ATPase,AAA+ ATPase domain
CIMG_09093,XP_001239472.1,SM00382,AAA_5,149,359,16.3,0.54,IPR003593,AAA+_ATPase,AAA+ ATPase domain
CIMG_09093,XP_001239472.1,TMhelix,,1239,1261,-1.0,,,,
CIMG_09093,XP_001239472.1,SSF52540,P-loop containing nucleoside triphosphate hydrolases,131,370,,,IPR027417,P-loop_NTPase,P-loop containing nucleoside triphosphate hydrolase
CIMG_09093,XP_001239472.1,TRANSMEMBRANE,Transmembrane region,1431,1450,,,,,
CIMG_09093,XP_001239472.1,PS50893,ABC_TRANSPORTER_2,813,1055,13.812344,,IPR003439,ABC_transporter-like_ATP-bd,"ABC transporter-like, ATP-binding domain"
CIMG_09093,XP_001239472.1,TRANSMEMBRANE,Transmembrane region,627,646,,,,,
CIMG_09093,XP_001239472.1,PF01061,ABC2_membrane,1140,1354,156.7,1.9e-42,IPR013525,ABC2_TM,"ABC-2 type transporter, transmembrane domain"
CIMG_09093,XP_001239472.1,PF01061,ABC2_membrane,466,676,167.1,1.3e-45,IPR013525,ABC2_TM,"ABC-2 type transporter, transmembrane domain"
CIMG_09093,XP_001239472.1,PTHR19241,ATP-BINDING CASSETTE TRANSPORTER,52,1410,,,,,
CIMG_09093,XP_001239472.1,PS50893,ABC_TRANSPORTER_2,120,374,11.418065,,IPR003439,ABC_transporter-like_ATP-bd,"ABC transporter-like, ATP-binding domain"
CIMG_09093,XP_001239472.1,PF19055,ABC2_membrane_7,1012,1073,22.8,0.13,IPR043926,ABCG_dom,ABC transporter family G domain
CIMG_09093,XP_001239472.1,TMhelix,,485,507,-1.0,,,,
CIMG_09093,XP_001239472.1,CYTOPLASMIC_DOMAIN,Cytoplasmic domain,1451,1464,,,,,
CIMG_09093,XP_001239472.1,NON_CYTOPLASMIC_DOMAIN,Non cytoplasmic domain,542,594,,,,,
CIMG_09093,XP_001239472.1,TMhelix,,1431,1450,-1.0,,,,
CIMG_09093,XP_001239472.1,TMhelix,,595,614,-1.0,,,,
CIMG_09093,XP_001239472.1,NON_CYTOPLASMIC_DOMAIN,Non cytoplasmic domain,1179,1189,,,,,
CIMG_09093,XP_001239472.1,TMhelix,,1315,1337,-1.0,,,,
CIMG_09093,XP_001239472.1,TMhelix,,1192,1214,-1.0,,,,
CIMG_09093,XP_001239472.1,NON_CYTOPLASMIC_DOMAIN,Non cytoplasmic domain,647,732,,,,,
CIMG_09093,XP_001239472.1,TRANSMEMBRANE,Transmembrane region,487,507,,,,,
CIMG_09093,XP_001239472.1,CYTOPLASMIC_DOMAIN,Cytoplasmic domain,754,1158,,,,,
CIMG_09093,XP_001239472.1,G3DSA:3.40.50.300,,814,1048,161.2,1.2e-46,IPR027417,P-loop_NTPase,P-loop containing nucleoside triphosphate hydrolase
CIMG_09093,XP_001239472.1,G3DSA:3.40.50.300,,124,367,113.3,5.3e-32,IPR027417,P-loop_NTPase,P-loop containing nucleoside triphosphate hydrolase
CIMG_09093,XP_001239472.1,PF06422,PDR_CDR,687,775,119.8,1.1e-31,IPR010929,PDR_CDR_ABC,CDR ABC transporter
CIMG_09093,XP_001239472.1,PF06422,PDR_CDR,1417,1457,20.8,0.9,IPR010929,PDR_CDR_ABC,CDR ABC transporter
CIMG_09093,XP_001239472.1,cd03232,ABCG_PDR_domain2,812,1038,323.811,8.77556e-103,IPR034003,ABCG_PDR_2,"ATP-binding cassette transporter, PDR-like subfamily G, domain 2"
CIMG_09093,XP_001239472.1,G3DSA:3.40.50.300:FF:000054,,814,1050,415.7,1.9e-124,,,
CIMG_09093,XP_001239472.1,PF14510,ABC_trans_N,34,118,88.6,8.9e-22,IPR029481,ABC_trans_N,"Pleiotropic ABC efflux transporter, N-terminal domain"
CIMG_09093,XP_001239472.1,NON_CYTOPLASMIC_DOMAIN,Non cytoplasmic domain,1339,1430,,,,,
CIMG_09093,XP_001239472.1,TRANSMEMBRANE,Transmembrane region,1280,1302,,,,,
CIMG_09093,XP_001239472.1,G3DSA:3.40.50.300:FF:000881,,127,366,436.3,0.0,,,
CIMG_09093,XP_001239472.1,TRANSMEMBRANE,Transmembrane region,1159,1178,,,,,
CIMG_00780,XP_001247009.1,PF00005,ABC_tran,1064,1215,104.9,1.7e-26,IPR003439,ABC_transporter-like_ATP-bd,"ABC transporter-like, ATP-binding domain"
CIMG_00780,XP_001247009.1,PF00005,ABC_tran,422,580,108.8,1.1e-27,IPR003439,ABC_transporter-like_ATP-bd,"ABC transporter-like, ATP-binding domain"
CIMG_00780,XP_001247009.1,G3DSA:1.20.1560.10,"ABC transporter type 1, transmembrane domain",127,1019,1052.6,0.0,IPR036640,ABC1_TM_sf,"ABC transporter type 1, transmembrane domain superfamily"
CIMG_00780,XP_001247009.1,TMhelix,,720,742,-1.0,,,,
CIMG_00780,XP_001247009.1,CYTOPLASMIC_DOMAIN,Cytoplasmic domain,153,200,,,,,
CIMG_00780,XP_001247009.1,TMhelix,,843,862,-1.0,,,,
CIMG_00780,XP_001247009.1,SSF52540,P-loop containing nucleoside triphosphate hydrolases,396,650,,,IPR027417,P-loop_NTPase,P-loop containing nucleoside triphosphate hydrolase
CIMG_00780,XP_001247009.1,NON_CYTOPLASMIC_DOMAIN,Non cytoplasmic domain,862,866,,,,,
CIMG_00780,XP_001247009.1,NON_CYTOPLASMIC_DOMAIN,Non cytoplasmic domain,103,127,,,,,
CIMG_00780,XP_001247009.1,CYTOPLASMIC_DOMAIN,Cytoplasmic domain,1006,1291,,,,,
CIMG_00780,XP_001247009.1,PTHR43394,"ATP-DEPENDENT PERMEASE MDL1, MITOCHONDRIAL",42,651,,,IPR039421,Type_1_exporter,Type 1 protein exporter
CIMG_00780,XP_001247009.1,NON_CYTOPLASMIC_DOMAIN,Non cytoplasmic domain,973,983,,,,,
CIMG_00780,XP_001247009.1,cd03249,ABC_MTABC3_MDL1_MDL2,404,650,375.724,5.4063e-122,,,
CIMG_00780,XP_001247009.1,PF00664,ABC_membrane,78,351,198.2,7.2e-55,IPR011527,ABC1_TM_dom,"ABC transporter type 1, transmembrane domain"
CIMG_00780,XP_001247009.1,PF00664,ABC_membrane,724,995,158.4,9.9e-43,IPR011527,ABC1_TM_dom,"ABC transporter type 1, transmembrane domain"
CIMG_00780,XP_001247009.1,PS00211,ABC_TRANSPORTER_1,1187,1201,,,IPR017871,ABC_transporter-like_CS,"ABC transporter-like, conserved site"
CIMG_00780,XP_001247009.1,NON_CYTOPLASMIC_DOMAIN,Non cytoplasmic domain,220,224,,,,,
CIMG_00780,XP_001247009.1,TRANSMEMBRANE,Transmembrane region,128,152,,,,,
CIMG_00780,XP_001247009.1,TMhelix,,127,149,-1.0,,,,
CIMG_00780,XP_001247009.1,TMhelix,,306,328,-1.0,,,,
CIMG_00780,XP_001247009.1,CYTOPLASMIC_DOMAIN,Cytoplasmic domain,361,719,,,,,
CIMG_00780,XP_001247009.1,CYTOPLASMIC_DOMAIN,Cytoplasmic domain,885,949,,,,,
CIMG_00780,XP_001247009.1,mobidb-lite,disorder_prediction,13,25,,,,,
CIMG_00780,XP_001247009.1,cd03249,ABC_MTABC3_MDL1_MDL2,1046,1285,381.502,4.42177e-124,,,
CIMG_00780,XP_001247009.1,cd18577,ABC_6TM_Pgp_ABCB1_D1_like,78,377,375.274,7.8184e-121,,,
CIMG_00780,XP_001247009.1,TRANSMEMBRANE,Transmembrane region,225,246,,,,,
CIMG_00780,XP_001247009.1,SSF90123,ABC transporter transmembrane region,64,388,,,IPR036640,ABC1_TM_sf,"ABC transporter type 1, transmembrane domain superfamily"
CIMG_00780,XP_001247009.1,G3DSA:3.40.50.300,,402,664,1052.6,0.0,IPR027417,P-loop_NTPase,P-loop containing nucleoside triphosphate hydrolase
CIMG_00780,XP_001247009.1,TMhelix,,948,970,-1.0,,,,
CIMG_00780,XP_001247009.1,SM00382,AAA_5,1073,1276,75.3,7.7e-18,IPR003593,AAA+_ATPase,AAA+ ATPase domain
CIMG_00780,XP_001247009.1,SM00382,AAA_5,431,612,59.2,5.3e-13,IPR003593,AAA+_ATPase,AAA+ ATPase domain
CIMG_00780,XP_001247009.1,TMhelix,,201,220,-1.0,,,,
CIMG_00780,XP_001247009.1,SSF52540,P-loop containing nucleoside triphosphate hydrolases,1042,1285,,,IPR027417,P-loop_NTPase,P-loop containing nucleoside triphosphate hydrolase
CIMG_00780,XP_001247009.1,PS00211,ABC_TRANSPORTER_1,552,566,,,IPR017871,ABC_transporter-like_CS,"ABC transporter-like, conserved site"
CIMG_00780,XP_001247009.1,TRANSMEMBRANE,Transmembrane region,74,102,,,,,
CIMG_00780,XP_001247009.1,PS50929,ABC_TM1F,724,1011,38.85511,,IPR011527,ABC1_TM_dom,"ABC transporter type 1, transmembrane domain"
CIMG_00780,XP_001247009.1,TRANSMEMBRANE,Transmembrane region,720,744,,,,,
CIMG_00780,XP_001247009.1,NON_CYTOPLASMIC_DOMAIN,Non cytoplasmic domain,330,340,,,,,
CIMG_00780,XP_001247009.1,PS50893,ABC_TRANSPORTER_2,1046,1284,23.249405,,IPR003439,ABC_transporter-like_ATP-bd,"ABC transporter-like, ATP-binding domain"
CIMG_00780,XP_001247009.1,TRANSMEMBRANE,Transmembrane region,310,329,,,,,
CIMG_00780,XP_001247009.1,CYTOPLASMIC_DOMAIN,Cytoplasmic domain,793,842,,,,,
CIMG_00780,XP_001247009.1,TRANSMEMBRANE,Transmembrane region,867,884,,,,,
CIMG_00780,XP_001247009.1,G3DSA:3.40.50.300:FF:001530,,402,671,413.9,8.6e-124,,,
CIMG_00780,XP_001247009.1,G3DSA:3.40.50.300:FF:000913,,1044,1287,358.4,4.9e-107,,,
CIMG_00780,XP_001247009.1,TMhelix,,767,789,-1.0,,,,
CIMG_00780,XP_001247009.1,G3DSA:1.20.1560.10:FF:000057,,635,1019,380.9,3.8e-113,,,
CIMG_00780,XP_001247009.1,TRANSMEMBRANE,Transmembrane region,843,861,,,,,
CIMG_00780,XP_001247009.1,TRANSMEMBRANE,Transmembrane region,950,972,,,,,
CIMG_00780,XP_001247009.1,mobidb-lite,disorder_prediction,1,29,,,,,
CIMG_00780,XP_001247009.1,G3DSA:3.40.50.300,,1041,1290,320.3,3.4e-95,IPR027417,P-loop_NTPase,P-loop containing nucleoside triphosphate hydrolase
CIMG_00780,XP_001247009.1,TRANSMEMBRANE,Transmembrane region,341,360,,,,,
CIMG_00780,XP_001247009.1,TRANSMEMBRANE,Transmembrane region,984,1005,,,,,
CIMG_00780,XP_001247009.1,TMhelix,,343,365,-1.0,,,,
CIMG_00780,XP_001247009.1,PS50929,ABC_TM1F,80,369,43.578186,,IPR011527,ABC1_TM_dom,"ABC transporter type 1, transmembrane domain"
CIMG_00780,XP_001247009.1,PS50893,ABC_TRANSPORTER_2,404,649,24.970083,,IPR003439,ABC_transporter-like_ATP-bd,"ABC transporter-like, ATP-binding domain"
CIMG_00780,XP_001247009.1,TMhelix,,867,884,-1.0,,,,
CIMG_00780,XP_001247009.1,TRANSMEMBRANE,Transmembrane region,201,219,,,,,
CIMG_00780,XP_001247009.1,NON_CYTOPLASMIC_DOMAIN,Non cytoplasmic domain,745,763,,,,,
CIMG_00780,XP_001247009.1,TMhelix,,80,102,-1.0,,,,
CIMG_00780,XP_001247009.1,mobidb-lite,disorder_prediction,655,676,,,,,
CIMG_00780,XP_001247009.1,SSF90123,ABC transporter transmembrane region,712,1024,,,IPR036640,ABC1_TM_sf,"ABC transporter type 1, transmembrane domain superfamily"
CIMG_00780,XP_001247009.1,TMhelix,,224,246,-1.0,,,,
CIMG_00780,XP_001247009.1,cd18578,ABC_6TM_Pgp_ABCB1_D2_like,713,1029,364.081,2.23349e-116,,,
CIMG_00780,XP_001247009.1,CYTOPLASMIC_DOMAIN,Cytoplasmic domain,247,309,,,,,
CIMG_00780,XP_001247009.1,CYTOPLASMIC_DOMAIN,Cytoplasmic domain,1,73,,,,,
CIMG_00780,XP_001247009.1,TRANSMEMBRANE,Transmembrane region,764,792,,,,,
CIMG_00780,XP_001247009.1,TMhelix,,985,1007,-1.0,,,,
CIMG_00533,XP_001246762.2,G3DSA:3.40.50.300,,157,456,114.1,2.9e-32,IPR027417,P-loop_NTPase,P-loop containing nucleoside triphosphate hydrolase
CIMG_00533,XP_001246762.2,G3DSA:3.40.50.300,,859,1092,159.6,3.9e-46,IPR027417,P-loop_NTPase,P-loop containing nucleoside triphosphate hydrolase
CIMG_00533,XP_001246762.2,PF01061,ABC2_membrane,497,718,144.5,1e-38,IPR013525,ABC2_TM,"ABC-2 type transporter, transmembrane domain"
CIMG_00533,XP_001246762.2,PF01061,ABC2_membrane,1175,1384,132.4,5.3e-35,IPR013525,ABC2_TM,"ABC-2 type transporter, transmembrane domain"
CIMG_00533,XP_001246762.2,NON_CYTOPLASMIC_DOMAIN,Non cytoplasmic domain,1,516,,,,,
CIMG_00533,XP_001246762.2,TMhelix,,1364,1386,-1.0,,,,
CIMG_00533,XP_001246762.2,TMhelix,,640,662,-1.0,,,,
CIMG_00533,XP_001246762.2,TMhelix,,605,627,-1.0,,,,
CIMG_00533,XP_001246762.2,SSF52540,P-loop containing nucleoside triphosphate hydrolases,165,404,,,IPR027417,P-loop_NTPase,P-loop containing nucleoside triphosphate hydrolase
CIMG_00533,XP_001246762.2,NON_CYTOPLASMIC_DOMAIN,Non cytoplasmic domain,1387,1461,,,,,
CIMG_00533,XP_001246762.2,TMhelix,,1278,1300,-1.0,,,,
CIMG_00533,XP_001246762.2,NON_CYTOPLASMIC_DOMAIN,Non cytoplasmic domain,1332,1336,,,,,
CIMG_00533,XP_001246762.2,PF06422,PDR_CDR,733,815,89.6,3.1e-22,IPR010929,PDR_CDR_ABC,CDR ABC transporter
CIMG_00533,XP_001246762.2,PF06422,PDR_CDR,1441,1489,22.2,0.32,IPR010929,PDR_CDR_ABC,CDR ABC transporter
CIMG_00533,XP_001246762.2,TRANSMEMBRANE,Transmembrane region,1462,1481,,,,,
CIMG_00533,XP_001246762.2,PF19055,ABC2_membrane_7,1055,1116,29.0,0.0017,IPR043926,ABCG_dom,ABC transporter family G domain
CIMG_00533,XP_001246762.2,TRANSMEMBRANE,Transmembrane region,667,689,,,,,
CIMG_00533,XP_001246762.2,TMhelix,,1307,1329,-1.0,,,,
CIMG_00533,XP_001246762.2,TRANSMEMBRANE,Transmembrane region,612,632,,,,,
CIMG_00533,XP_001246762.2,TRANSMEMBRANE,Transmembrane region,1337,1355,,,,,
CIMG_00533,XP_001246762.2,cd03232,ABCG_PDR_domain2,853,1081,338.834,4.75355e-108,IPR034003,ABCG_PDR_2,"ATP-binding cassette transporter, PDR-like subfamily G, domain 2"
CIMG_00533,XP_001246762.2,PTHR19241,ATP-BINDING CASSETTE TRANSPORTER,108,1478,,,,,
CIMG_00533,XP_001246762.2,NON_CYTOPLASMIC_DOMAIN,Non cytoplasmic domain,662,666,,,,,
CIMG_00533,XP_001246762.2,TRANSMEMBRANE,Transmembrane region,1225,1244,,,,,
CIMG_00533,XP_001246762.2,TRANSMEMBRANE,Transmembrane region,544,563,,,,,
CIMG_00533,XP_001246762.2,cd03233,ABCG_PDR_domain1,147,386,251.413,7.22642e-77,IPR034001,ABCG_PDR_1,"ATP-binding cassette transporter, PDR-like subfamily G, domain 1"
CIMG_00533,XP_001246762.2,TMhelix,,667,689,-1.0,,,,
CIMG_00533,XP_001246762.2,TRANSMEMBRANE,Transmembrane region,517,537,,,,,
CIMG_00533,XP_001246762.2,mobidb-lite,disorder_prediction,1,80,,,,,
CIMG_00533,XP_001246762.2,TMhelix,,1191,1213,-1.0,,,,
CIMG_00533,XP_001246762.2,PS50893,ABC_TRANSPORTER_2,155,404,12.811949,,IPR003439,ABC_transporter-like_ATP-bd,"ABC transporter-like, ATP-binding domain"
CIMG_00533,XP_001246762.2,TRANSMEMBRANE,Transmembrane region,639,661,,,,,
CIMG_00533,XP_001246762.2,TMhelix,,1498,1515,-1.0,,,,
CIMG_00533,XP_001246762.2,PF00005,ABC_tran,172,330,65.6,2.4e-14,IPR003439,ABC_transporter-like_ATP-bd,"ABC transporter-like, ATP-binding domain"
CIMG_00533,XP_001246762.2,PF00005,ABC_tran,875,1026,69.9,1.1e-15,IPR003439,ABC_transporter-like_ATP-bd,"ABC transporter-like, ATP-binding domain"
CIMG_00533,XP_001246762.2,PS50893,ABC_TRANSPORTER_2,856,1099,12.738586,,IPR003439,ABC_transporter-like_ATP-bd,"ABC transporter-like, ATP-binding domain"
CIMG_00533,XP_001246762.2,TRANSMEMBRANE,Transmembrane region,1367,1386,,,,,
CIMG_00533,XP_001246762.2,PS00211,ABC_TRANSPORTER_1,303,317,,,IPR017871,ABC_transporter-like_CS,"ABC transporter-like, conserved site"
CIMG_00533,XP_001246762.2,SSF52540,P-loop containing nucleoside triphosphate hydrolases,860,1085,,,IPR027417,P-loop_NTPase,P-loop containing nucleoside triphosphate hydrolase
CIMG_00533,XP_001246762.2,G3DSA:3.40.50.300:FF:000054,,857,1093,414.5,4.3e-124,,,
CIMG_00533,XP_001246762.2,TRANSMEMBRANE,Transmembrane region,774,791,,,,,
CIMG_00533,XP_001246762.2,TMhelix,,514,536,-1.0,,,,
CIMG_00533,XP_001246762.2,CYTOPLASMIC_DOMAIN,Cytoplasmic domain,538,543,,,,,
CIMG_00533,XP_001246762.2,TMhelix,,1226,1245,-1.0,,,,
CIMG_00533,XP_001246762.2,TRANSMEMBRANE,Transmembrane region,1278,1296,,,,,
CIMG_00533,XP_001246762.2,CYTOPLASMIC_DOMAIN,Cytoplasmic domain,1214,1224,,,,,
CIMG_00533,XP_001246762.2,TMhelix,,543,565,-1.0,,,,
CIMG_00533,XP_001246762.2,CYTOPLASMIC_DOMAIN,Cytoplasmic domain,1297,1307,,,,,
CIMG_00533,XP_001246762.2,TMhelix,,770,792,-1.0,,,,
CIMG_00533,XP_001246762.2,CYTOPLASMIC_DOMAIN,Cytoplasmic domain,1356,1366,,,,,
CIMG_00533,XP_001246762.2,NON_CYTOPLASMIC_DOMAIN,Non cytoplasmic domain,564,611,,,,,
CIMG_00533,XP_001246762.2,TMhelix,,1461,1483,-1.0,,,,
CIMG_00533,XP_001246762.2,TRANSMEMBRANE,Transmembrane region,1308,1331,,,,,
CIMG_00533,XP_001246762.2,NON_CYTOPLASMIC_DOMAIN,Non cytoplasmic domain,1245,1277,,,,,
CIMG_00533,XP_001246762.2,mobidb-lite,disorder_prediction,14,34,,,,,
CIMG_00533,XP_001246762.2,Coil,Coil,1131,1158,,,,,
CIMG_00533,XP_001246762.2,TRANSMEMBRANE,Transmembrane region,1193,1213,,,,,
CIMG_00533,XP_001246762.2,CYTOPLASMIC_DOMAIN,Cytoplasmic domain,690,773,,,,,
CIMG_00533,XP_001246762.2,CYTOPLASMIC_DOMAIN,Cytoplasmic domain,633,638,,,,,
CIMG_00533,XP_001246762.2,SM00382,AAA_5,179,389,27.9,0.0014,IPR003593,AAA+_ATPase,AAA+ ATPase domain
CIMG_00533,XP_001246762.2,SM00382,AAA_5,884,1075,48.5,9.1e-10,IPR003593,AAA+_ATPase,AAA+ ATPase domain
CIMG_00533,XP_001246762.2,mobidb-lite,disorder_prediction,48,71,,,,,
CIMG_00533,XP_001246762.2,NON_CYTOPLASMIC_DOMAIN,Non cytoplasmic domain,792,1192,,,,,
CIMG_00533,XP_001246762.2,CYTOPLASMIC_DOMAIN,Cytoplasmic domain,1482,1533,,,,,
CIMG_00533,XP_001246762.2,PF14510,ABC_trans_N,65,149,77.5,2.5e-18,IPR029481,ABC_trans_N,"Pleiotropic ABC efflux transporter, N-terminal domain"
CIMG_01418,XP_001247647.1,TMhelix,,1361,1383,-1.0,,,,
CIMG_01418,XP_001247647.1,TRANSMEMBRANE,Transmembrane region,783,804,,,,,
CIMG_01418,XP_001247647.1,TRANSMEMBRANE,Transmembrane region,1326,1348,,,,,
CIMG_01418,XP_001247647.1,NON_CYTOPLASMIC_DOMAIN,Non cytoplasmic domain,636,646,,,,,
CIMG_01418,XP_001247647.1,PF00005,ABC_tran,192,351,69.6,1.3e-15,IPR003439,ABC_transporter-like_ATP-bd,"ABC transporter-like, ATP-binding domain"
CIMG_01418,XP_001247647.1,PF00005,ABC_tran,887,1038,63.7,8.7e-14,IPR003439,ABC_transporter-like_ATP-bd,"ABC transporter-like, ATP-binding domain"
CIMG_01418,XP_001247647.1,TMhelix,,1476,1498,-1.0,,,,
CIMG_01418,XP_001247647.1,SSF52540,P-loop containing nucleoside triphosphate hydrolases,880,1093,,,IPR027417,P-loop_NTPase,P-loop containing nucleoside triphosphate hydrolase
CIMG_01418,XP_001247647.1,TMhelix,,647,669,-1.0,,,,
CIMG_01418,XP_001247647.1,PF06422,PDR_CDR,738,827,110.2,1.2e-28,IPR010929,PDR_CDR_ABC,CDR ABC transporter
CIMG_01418,XP_001247647.1,CYTOPLASMIC_DOMAIN,Cytoplasmic domain,592,611,,,,,
CIMG_01418,XP_001247647.1,CYTOPLASMIC_DOMAIN,Cytoplasmic domain,1,534,,,,,
CIMG_01418,XP_001247647.1,TMhelix,,570,592,-1.0,,,,
CIMG_01418,XP_001247647.1,TMhelix,,1327,1346,-1.0,,,,
CIMG_01418,XP_001247647.1,NON_CYTOPLASMIC_DOMAIN,Non cytoplasmic domain,698,782,,,,,
CIMG_01418,XP_001247647.1,TMhelix,,535,557,-1.0,,,,
CIMG_01418,XP_001247647.1,TRANSMEMBRANE,Transmembrane region,1391,1408,,,,,
CIMG_01418,XP_001247647.1,PF14510,ABC_trans_N,79,167,83.1,4.6e-20,IPR029481,ABC_trans_N,"Pleiotropic ABC efflux transporter, N-terminal domain"
CIMG_01418,XP_001247647.1,TRANSMEMBRANE,Transmembrane region,1236,1259,,,,,
CIMG_01418,XP_001247647.1,TMhelix,,612,634,-1.0,,,,
CIMG_01418,XP_001247647.1,NON_CYTOPLASMIC_DOMAIN,Non cytoplasmic domain,1380,1390,,,,,
CIMG_01418,XP_001247647.1,CYTOPLASMIC_DOMAIN,Cytoplasmic domain,667,677,,,,,
CIMG_01418,XP_001247647.1,G3DSA:3.40.50.300,,183,418,113.5,4.2e-32,IPR027417,P-loop_NTPase,P-loop containing nucleoside triphosphate hydrolase
CIMG_01418,XP_001247647.1,TRANSMEMBRANE,Transmembrane region,1280,1306,,,,,
CIMG_01418,XP_001247647.1,PS00211,ABC_TRANSPORTER_1,324,338,,,IPR017871,ABC_transporter-like_CS,"ABC transporter-like, conserved site"
CIMG_01418,XP_001247647.1,CYTOPLASMIC_DOMAIN,Cytoplasmic domain,805,1203,,,,,
CIMG_01418,XP_001247647.1,TRANSMEMBRANE,Transmembrane region,535,556,,,,,
CIMG_01418,XP_001247647.1,TRANSMEMBRANE,Transmembrane region,612,635,,,,,
CIMG_01418,XP_001247647.1,TRANSMEMBRANE,Transmembrane region,1204,1224,,,,,
CIMG_01418,XP_001247647.1,SM00382,AAA_5,200,410,17.9,0.38,IPR003593,AAA+_ATPase,AAA+ ATPase domain
CIMG_01418,XP_001247647.1,SM00382,AAA_5,896,1087,51.2,1.3e-10,IPR003593,AAA+_ATPase,AAA+ ATPase domain
CIMG_01418,XP_001247647.1,TRANSMEMBRANE,Transmembrane region,678,697,,,,,
CIMG_01418,XP_001247647.1,PF01061,ABC2_membrane,1185,1400,153.6,1.8e-41,IPR013525,ABC2_TM,"ABC-2 type transporter, transmembrane domain"
CIMG_01418,XP_001247647.1,PF01061,ABC2_membrane,517,727,174.4,7.3e-48,IPR013525,ABC2_TM,"ABC-2 type transporter, transmembrane domain"
CIMG_01418,XP_001247647.1,G3DSA:3.40.50.300:FF:000881,,177,417,453.6,0.0,,,
CIMG_01418,XP_001247647.1,TRANSMEMBRANE,Transmembrane region,571,591,,,,,
CIMG_01418,XP_001247647.1,NON_CYTOPLASMIC_DOMAIN,Non cytoplasmic domain,557,570,,,,,
CIMG_01418,XP_001247647.1,TIGR00956,3a01205,117,1501,1983.2,0.0,IPR005285,Drug-R_PDR/CDR,Pleiotropic drug resistance protein PDR/CDR
CIMG_01418,XP_001247647.1,SSF52540,P-loop containing nucleoside triphosphate hydrolases,190,416,,,IPR027417,P-loop_NTPase,P-loop containing nucleoside triphosphate hydrolase
CIMG_01418,XP_001247647.1,CYTOPLASMIC_DOMAIN,Cytoplasmic domain,1409,1475,,,,,
CIMG_01418,XP_001247647.1,PS50893,ABC_TRANSPORTER_2,868,1111,13.058713,,IPR003439,ABC_transporter-like_ATP-bd,"ABC transporter-like, ATP-binding domain"
CIMG_01418,XP_001247647.1,CYTOPLASMIC_DOMAIN,Cytoplasmic domain,1260,1279,,,,,
CIMG_01418,XP_001247647.1,G3DSA:3.40.50.300,,872,1106,153.9,2.1e-44,IPR027417,P-loop_NTPase,P-loop containing nucleoside triphosphate hydrolase
CIMG_01418,XP_001247647.1,TMhelix,,783,805,-1.0,,,,
CIMG_01418,XP_001247647.1,PTHR19241,ATP-BINDING CASSETTE TRANSPORTER,95,1436,,,,,
CIMG_01418,XP_001247647.1,mobidb-lite,disorder_prediction,37,68,,,,,
CIMG_01418,XP_001247647.1,TMhelix,,674,696,-1.0,,,,
CIMG_01418,XP_001247647.1,cd03233,ABCG_PDR_domain1,184,407,244.094,2.73876e-74,IPR034001,ABCG_PDR_1,"ATP-binding cassette transporter, PDR-like subfamily G, domain 1"
CIMG_01418,XP_001247647.1,cd03232,ABCG_PDR_domain2,866,1093,333.826,2.66872e-106,IPR034003,ABCG_PDR_2,"ATP-binding cassette transporter, PDR-like subfamily G, domain 2"
CIMG_01418,XP_001247647.1,PS50893,ABC_TRANSPORTER_2,170,425,11.918262,,IPR003439,ABC_transporter-like_ATP-bd,"ABC transporter-like, ATP-binding domain"
CIMG_01418,XP_001247647.1,TRANSMEMBRANE,Transmembrane region,647,666,,,,,
CIMG_01418,XP_001247647.1,NON_CYTOPLASMIC_DOMAIN,Non cytoplasmic domain,1225,1235,,,,,
CIMG_01418,XP_001247647.1,TMhelix,,1237,1259,-1.0,,,,
CIMG_01418,XP_001247647.1,TRANSMEMBRANE,Transmembrane region,1360,1379,,,,,
CIMG_01418,XP_001247647.1,TMhelix,,1285,1307,-1.0,,,,
CIMG_01418,XP_001247647.1,mobidb-lite,disorder_prediction,829,851,,,,,
CIMG_01418,XP_001247647.1,NON_CYTOPLASMIC_DOMAIN,Non cytoplasmic domain,1498,1512,,,,,
CIMG_01418,XP_001247647.1,TMhelix,,1202,1224,-1.0,,,,
CIMG_01418,XP_001247647.1,TRANSMEMBRANE,Transmembrane region,1476,1497,,,,,
CIMG_01418,XP_001247647.1,PF19055,ABC2_membrane_7,1067,1128,23.5,0.077,IPR043926,ABCG_dom,ABC transporter family G domain
CIMG_01418,XP_001247647.1,NON_CYTOPLASMIC_DOMAIN,Non cytoplasmic domain,1307,1325,,,,,
CIMG_01418,XP_001247647.1,CYTOPLASMIC_DOMAIN,Cytoplasmic domain,1349,1359,,,,,
CIMG_01418,XP_001247647.1,G3DSA:3.40.50.300:FF:000054,,869,1105,414.7,3.8e-124,,,
